STA_SEQ,Station_Na,YLat,XLong,DrainID,SAMPLE_YR,TYPE,SAMPLE_VALUE,VALUE_UOM
14850,Bladens River (Bladdens River),41.3872,-73.019,103016885,2002,FISH,45,FishPer100M
15426,Bladens River (Bladdens River),41.3872,-73.0191,103016885,1991,FISH,85,FishPer100M
14247,Hollenbeck River,41.9431,-73.3058,103004210,2014,TEMP,18.20808197,DegreeC
14813,Blackberry River,42.0065,-73.2343,103003511,2011,FISH,13.5,FishPer100M
14813,Blackberry River,42.0065,-73.2343,103003511,2016,FISH,40.74074074,FishPer100M
14813,Blackberry River,42.0065,-73.2343,103003511,1992,FISH,16.66666667,FishPer100M
16491,BEAR SWAMP OUTFLOW,41.8022,-73.2742,103006832,1992,FISH,16.55172414,FishPer100M
16482,BALL BROOK,42.0172,-73.4308,103003396,1992,FISH,11,FishPer100M
17185,WEST BRANCH SHEPAUG RIVER,41.7947,-73.3228,103007008,1992,FISH,125.8064516,FishPer100M
16922,NORTH BROOK,42.0097,-73.2181,103003476,1992,FISH,22,FishPer100M
16922,NORTH BROOK,42.0097,-73.2181,103003476,2009,FISH,100,FishPer100M
16922,NORTH BROOK,42.0097,-73.2181,103003476,2011,FISH,15.55555556,FishPer100M
16972,PITCH BROOK,41.7067,-73.1619,103009642,2015,FISH,27,FishPer100M
16972,PITCH BROOK,41.7067,-73.1619,103009642,1991,FISH,60,FishPer100M
14845,Bull Mountain Brook,41.6782,-73.4515,103010288,1992,FISH,36,FishPer100M
15024,Wood Creek,41.6387,-73.2362,103011547,2003,FISH,31.33333333,FishPer100M
15024,Wood Creek,41.6387,-73.2362,103011547,2011,FISH,22.65625,FishPer100M
15518,"Shepaug River, tributary to",41.5903,-73.3447,103012443,2004,FISH,96,FishPer100M
14404,Pomperaug River,41.4717,-73.256,103015152,2015,FISH,32.5,FishPer100M
16083,Halfway River,41.3887,-73.1885,103016836,2014,TEMP,17.82273234,DegreeC
16083,Halfway River,41.3887,-73.1885,103016836,2009,TEMP,17.80200181,DegreeC
14133,Blackberry River,42.0007,-73.2184,103003554,2011,FISH,17.82178218,FishPer100M
17172,WANGUM LAKE BROOK,41.9528,-73.2792,103001138,1992,FISH,18.42105263,FishPer100M
14800,Steele Brook,41.6105,-73.1153,103004492,2014,TEMP,18.27941667,DegreeC
16726,HART BROOK,41.8897,-73.2058,103004654,2016,FISH,30,FishPer100M
14880,Sages Ravine Brook,42.0495,-73.4301,103003192,2011,FISH,36,FishPer100M
14880,Sages Ravine Brook,42.0495,-73.4301,103003192,2014,TEMP,14.71784783,DegreeC
14880,Sages Ravine Brook,42.0495,-73.4301,103003192,2015,TEMP,15.31091398,DegreeC
14880,Sages Ravine Brook,42.0495,-73.4301,103003192,2012,FISH,103.3898305,FishPer100M
14880,Sages Ravine Brook,42.0495,-73.4301,103003192,2002,FISH,130,FishPer100M
14880,Sages Ravine Brook,42.0495,-73.4301,103003192,2017,TEMP,15.48724321,DegreeC
14880,Sages Ravine Brook,42.0495,-73.4301,103003192,2011,TEMP,15.49858026,DegreeC
14880,Sages Ravine Brook,42.0495,-73.4301,103003192,2018,TEMP,16.30016078,DegreeC
14880,Sages Ravine Brook,42.0495,-73.4301,103003192,2016,TEMP,16.4463008,DegreeC
14880,Sages Ravine Brook,42.0495,-73.4301,103003192,2016,FISH,103.3898305,FishPer100M
15505,Sages Ravine Brook,42.0497,-73.4245,103003192,1992,FISH,110,FishPer100M
15505,Sages Ravine Brook,42.0497,-73.4245,103003192,2004,FISH,307.9545455,FishPer100M
15505,Sages Ravine Brook,42.0497,-73.4245,103003192,2010,FISH,126,FishPer100M
15505,Sages Ravine Brook,42.0497,-73.4245,103003192,2012,FISH,201.0204082,FishPer100M
15505,Sages Ravine Brook,42.0497,-73.4245,103003192,2013,FISH,52.7027027,FishPer100M
15505,Sages Ravine Brook,42.0497,-73.4245,103003192,2016,FISH,189.3333333,FishPer100M
15505,Sages Ravine Brook,42.0497,-73.4245,103003192,2010,TEMP,15.49028695,DegreeC
16979,POND MOUNTAIN BROOK,41.7678,-73.4805,103008222,1992,FISH,28.18181818,FishPer100M
17179,WEST ASPETUCK RIVER,41.6989,-73.4014,103009843,1992,FISH,18,FishPer100M
16862,MOOSEHORN BROOK,41.6767,-73.1347,103010405,1991,FISH,44,FishPer100M
16862,MOOSEHORN BROOK,41.6767,-73.1347,103010405,2016,FISH,27.69230769,FishPer100M
15882,Mill Brook,41.8584,-73.4691,103005713,2016,FISH,10,FishPer100M
16843,MILL BROOK,41.8489,-73.4775,103005713,2015,FISH,33.60655738,FishPer100M
15509,Gunn Brook,41.806,-73.3903,103006933,1992,FISH,53,FishPer100M
15509,Gunn Brook,41.806,-73.3903,103006933,2004,FISH,88,FishPer100M
15509,Gunn Brook,41.806,-73.3903,103006933,2012,FISH,17,FishPer100M
15100,Spruce Swamp Creek,41.981954,-73.416555,103003782,2007,FISH,16.04095563,FishPer100M
15100,Spruce Swamp Creek,41.981954,-73.416555,103003782,2011,FISH,25,FishPer100M
16821,MACEDONIA BROOK,41.7753,-73.4947,103007566,1992,FISH,10,FishPer100M
16681,FULLING MILL BROOK,41.5033,-73.0355,103014253,1991,FISH,13.33333333,FishPer100M
15576,Lee Brook,41.4334,-73.2289,103015935,2006,FISH,11.60714286,FishPer100M
14227,Hemp Swamp Brook,41.4294,-73.0766,103016019,1991,FISH,72,FishPer100M
16671,FOURMILE BROOK,41.3847,-73.1192,103016995,1991,FISH,26,FishPer100M
16526,BOYS HALFWAY RIVER,41.3764,-73.1794,103017259,1991,FISH,164,FishPer100M
14439,Salmon Creek (Salmon Kill),41.9337,-73.3908,103004077,2011,FISH,12.31884058,FishPer100M
17162,"WEST ASPETUCK RIVER, tributary to",41.7153,-73.3906,103009485,1992,FISH,190,FishPer100M
15579,Hitchcock Mill Brook,41.503614,-73.374487,103014269,1991,FISH,50,FishPer100M
16863,MOOSEHORN BROOK,41.5781,-73.3175,103012935,1991,FISH,201,FishPer100M
16863,MOOSEHORN BROOK,41.5781,-73.3175,103012935,2017,FISH,18.0952381,FishPer100M
16863,MOOSEHORN BROOK,41.5781,-73.3175,103012935,2018,TEMP,17.52646558,DegreeC
16863,MOOSEHORN BROOK,41.5781,-73.3175,103012935,2017,TEMP,16.47784149,DegreeC
16610,DENMAN BROOK,41.6631,-73.43,103010961,1992,FISH,28,FishPer100M
17165,VALLEY BROOK,41.8239,-73.3347,103006340,1992,FISH,112,FishPer100M
17152,"LEADMINE BROOK, tributary to",41.7386,-73.0822,103008703,1992,FISH,25,FishPer100M
17155,"NAUGATUCK RIVER, tributary to",41.7314,-73.105,103009020,2007,FISH,10,FishPer100M
17155,"NAUGATUCK RIVER, tributary to",41.7314,-73.105,103009020,1992,FISH,116.6666667,FishPer100M
17133,"TRANSYLVANIA BROOK, tributary to",41.5069,-73.27,103014338,2016,FISH,30,FishPer100M
17133,"TRANSYLVANIA BROOK, tributary to",41.5069,-73.27,103014338,1991,FISH,60,FishPer100M
15730,East Swamp Brook,41.3862,-73.4003,103017105,1991,FISH,14,FishPer100M
17068,STEWART HOLLOW BROOK,41.7783,-73.4189,103007458,1992,FISH,40,FishPer100M
16965,PICKETT BROOK,41.7608,-73.113,103008073,1992,FISH,106,FishPer100M
17193,WIGWAM BROOK,41.7069,-73.1492,103009672,1991,FISH,15.33333333,FishPer100M
15519,Bee Brook,41.6571,-73.3181,103010888,2004,FISH,61.33333333,FishPer100M
15519,Bee Brook,41.6571,-73.3181,103010888,1992,FISH,26.66666667,FishPer100M
16599,CROSS BROOK,41.5925,-73.3969,103012122,1991,FISH,10,FishPer100M
17125,TRANSYLVANIA BROOK,41.4956,-73.2575,103014471,1991,FISH,59.33333333,FishPer100M
14849,Limekiln Brook,41.3838,-73.3761,103016990,2002,FISH,37.33333333,FishPer100M
15977,Indian Hole Brook,41.3388,-73.1246,103018016,1991,FISH,44,FishPer100M
17135,"WALKER BROOK, tributary to",41.614343,-73.355702,103011963,1991,FISH,34,FishPer100M
17167,Wachocastinook Creek,41.9983,-73.4436,103003654,2016,FISH,24.66666667,FishPer100M
17167,Wachocastinook Creek,41.9983,-73.4436,103003654,1992,FISH,16.66666667,FishPer100M
17167,Wachocastinook Creek,41.9983,-73.4436,103003654,2012,FISH,17.33333333,FishPer100M
17145,"EAST BR. NAUGATUCK RIVER, tributary to",41.8708,-73.1217,103005337,1992,FISH,122,FishPer100M
17183,WEST BRANCH LEADMINE BROOK,41.7942,-73.0797,103007142,1992,FISH,20,FishPer100M
17205,WOMENSHENUCK BROOK,41.6547,-73.4767,103010964,1992,FISH,12.66666667,FishPer100M
16838,MERRYALL BROOK,41.6508,-73.4453,103011047,1992,FISH,30,FishPer100M
15009,Weekeepeemee River,41.638646,-73.224907,103011435,2011,FISH,22.10526316,FishPer100M
16884,Naromiyocknowhusunkatankshunk Brook (FKA Morrisey),41.6314,-73.4822,103011546,1992,FISH,20,FishPer100M
16330,Naromiyocknowhusunkatankshunk Brook (FKA Morrisey),41.5996,-73.49,103012277,2009,FISH,26.66666667,FishPer100M
16330,Naromiyocknowhusunkatankshunk Brook (FKA Morrisey),41.5996,-73.49,103012277,2010,FISH,26.66666667,FishPer100M
17131,"LAKE LILLINONAH, tributary to",41.5189,-73.3839,103013930,1991,FISH,130,FishPer100M
17122,TOWANTIC BROOK,41.4408,-73.1044,103015967,1991,FISH,77,FishPer100M
16542,BURTON BROOK,41.9667,-73.4539,103003883,1992,FISH,129,FishPer100M
16126,Hall Meadow Brook,41.8861,-73.1689,103005009,2013,TEMP,17.88315444,DegreeC
16126,Hall Meadow Brook,41.8861,-73.1689,103005009,2015,FISH,45,FishPer100M
16126,Hall Meadow Brook,41.8861,-73.1689,103005009,2010,FISH,20.66666667,FishPer100M
16126,Hall Meadow Brook,41.8861,-73.1689,103005009,2014,TEMP,17.67548098,DegreeC
16525,BONNEY BROOK,41.8133,-73.3733,103006726,1992,FISH,43,FishPer100M
15530,Weekeepeemee River,41.5575,-73.2155,103013117,2011,FISH,10.09615385,FishPer100M
15530,Weekeepeemee River,41.5575,-73.2155,103013117,2016,FISH,390,FishPer100M
15530,Weekeepeemee River,41.5575,-73.2155,103013117,2018,FISH,278.6764706,FishPer100M
14209,Fulling Mill Brook,41.5021,-73.0471,103014345,2016,TEMP,17.43282971,DegreeC
14209,Fulling Mill Brook,41.5021,-73.0471,103014345,2015,TEMP,17.02417358,DegreeC
14209,Fulling Mill Brook,41.5021,-73.0471,103014345,2006,FISH,12,FishPer100M
14209,Fulling Mill Brook,41.5021,-73.0471,103014345,2014,TEMP,16.64809957,DegreeC
14523,Burton Brook,41.9667,-73.4341,103003881,2017,TEMP,14.30843886,DegreeC
14523,Burton Brook,41.9667,-73.4341,103003881,2016,TEMP,14.91029092,DegreeC
14523,Burton Brook,41.9667,-73.4341,103003881,2018,TEMP,15.6359538,DegreeC
14523,Burton Brook,41.9667,-73.4341,103003881,2015,FISH,22,FishPer100M
16710,GUINEA BROOK,41.8208,-73.3831,103006553,1992,FISH,12.4137931,FishPer100M
16714,GULF STREAM,41.79,-73.1669,103007153,1992,FISH,16.98113208,FishPer100M
16714,GULF STREAM,41.79,-73.1669,103007153,2016,FISH,10,FishPer100M
16125,Whiting Brook,41.973,-73.3178,103000953,2007,FISH,38.61386139,FishPer100M
16125,Whiting Brook,41.973,-73.3178,103000953,2015,FISH,66,FishPer100M
17157,"ROCK BROOK, tributary to",41.7764,-73.0228,103007557,1992,FISH,50,FishPer100M
16923,NORTH KENT BROOK,41.772,-73.4403,103007799,1992,FISH,37,FishPer100M
15529,Macedonia Brook,41.7298,-73.4884,103009016,1992,FISH,44.66666667,FishPer100M
17160,"SHEPAUG RIVER, Unnamed Tributary to",41.6561,-73.3206,103010910,1992,FISH,150,FishPer100M
17130,"EAST SPRING BROOK, tributary to",41.6292,-73.1997,103011699,1991,FISH,42,FishPer100M
14971,Mad River,41.6074,-72.9858,103012256,1991,FISH,110,FishPer100M
17127,"BULLYMUCK BROOK, tributary to",41.5889,-73.4631,103012419,1991,FISH,24,FishPer100M
14453,Spruce Brook,41.4562,-73.0626,103015370,1991,FISH,41,FishPer100M
15763,Deep Brook,41.4059,-73.2926,103016421,1991,FISH,10,FishPer100M
15839,"Deep Brook, tributary to (""Oil Creek"" or ""Meeker Brook"")",41.407,-73.2882,103016421,2016,TEMP,16.6786024,DegreeC
15839,"Deep Brook, tributary to (""Oil Creek"" or ""Meeker Brook"")",41.407,-73.2882,103016421,2017,FISH,32.66666667,FishPer100M
15839,"Deep Brook, tributary to (""Oil Creek"" or ""Meeker Brook"")",41.407,-73.2882,103016421,2018,TEMP,17.35682971,DegreeC
15839,"Deep Brook, tributary to (""Oil Creek"" or ""Meeker Brook"")",41.407,-73.2882,103016421,2014,TEMP,15.69515217,DegreeC
15839,"Deep Brook, tributary to (""Oil Creek"" or ""Meeker Brook"")",41.407,-73.2882,103016421,2011,TEMP,16.6002106,DegreeC
15839,"Deep Brook, tributary to (""Oil Creek"" or ""Meeker Brook"")",41.407,-73.2882,103016421,2012,TEMP,17.09232971,DegreeC
15839,"Deep Brook, tributary to (""Oil Creek"" or ""Meeker Brook"")",41.407,-73.2882,103016421,2010,TEMP,17.21131341,DegreeC
15839,"Deep Brook, tributary to (""Oil Creek"" or ""Meeker Brook"")",41.407,-73.2882,103016421,2009,TEMP,15.79039402,DegreeC
15839,"Deep Brook, tributary to (""Oil Creek"" or ""Meeker Brook"")",41.407,-73.2882,103016421,2015,TEMP,15.5962192,DegreeC
16770,HURDS BROOK,41.36,-73.1903,103017739,1991,FISH,13,FishPer100M
16747,HOLLENBECK RIVER,41.8992,-73.2819,103004907,1992,FISH,48,FishPer100M
17141,"COBBLE BROOK, tributary to",41.717015,-73.448011,103009354,1992,FISH,33,FishPer100M
16696,GOODHILL BROOK (Good Hill Brook),41.5408,-73.2342,103013710,1991,FISH,101,FishPer100M
16696,GOODHILL BROOK (Good Hill Brook),41.5408,-73.2342,103013710,2015,FISH,15,FishPer100M
14500,Worden Brook,41.5259,-73.4866,103013760,1991,FISH,116,FishPer100M
17147,"EAST BR. SHEPAUG RIVER, tributary to",41.8264,-73.295,103006316,2015,FISH,92.1875,FishPer100M
17147,"EAST BR. SHEPAUG RIVER, tributary to",41.8264,-73.295,103006316,1992,FISH,88,FishPer100M
17153,"MACEDONIA BROOK, tributary to",41.7839,-73.4858,103007349,1992,FISH,40,FishPer100M
17063,SPRUCE BROOK,41.7617,-73.1406,103008034,1992,FISH,58,FishPer100M
15244,Cobble Brook,41.7217,-73.4572,103009189,2011,TEMP,15.93821537,DegreeC
15244,Cobble Brook,41.7217,-73.4572,103009189,1992,FISH,157,FishPer100M
17154,"Naromiyocknowhusunkatankshunk Brook, tributary to",41.6106,-73.4901,103012027,1992,FISH,94,FishPer100M
17314,Fivemile Brook,41.3916,-73.1541,103016790,2009,FISH,35,FishPer100M
16916,"NONEWAUG RIVER, tributary to",41.6258,-73.1664,103004427,1991,FISH,10,FishPer100M
15508,Bradford Brook,41.8962,-73.2838,103004701,2004,FISH,121.25,FishPer100M
16527,BRADFORD BROOK,41.8889,-73.2767,103004701,1992,FISH,58.0952381,FishPer100M
16527,BRADFORD BROOK,41.8889,-73.2767,103004701,2011,FISH,17.85714286,FishPer100M
16929,OCAIN BROOK,41.8964,-73.2653,103004935,1992,FISH,76,FishPer100M
16498,BEEBE BROOK,41.8353,-73.4786,103006063,1992,FISH,12,FishPer100M
16004,Nickelmine Brook,41.8326,-73.1752,103006143,2006,FISH,10,FishPer100M
16857,MOHAWK POND OUTFLOW,41.8017,-73.2886,103006856,1992,FISH,19,FishPer100M
16328,Stony Brook,41.7869,-73.4169,103007272,1992,FISH,56.19047619,FishPer100M
16328,Stony Brook,41.7869,-73.4169,103007272,2008,FISH,12.14953271,FishPer100M
17150,"KENT FALLS BROOK, tributary to",41.7544,-73.3936,103008262,1992,FISH,76,FishPer100M
17333,Wood Creek,41.6275,-73.2257,103011709,2016,FISH,25.23364486,FishPer100M
15532,Jericho Brook,41.6323,-73.0846,103011721,2004,FISH,85.71428571,FishPer100M
15532,Jericho Brook,41.6323,-73.0846,103011721,2006,FISH,29.42857143,FishPer100M
17748,Jericho Brook,41.632038,-73.080875,103011721,2015,FISH,39.18918919,FishPer100M
17136,"WALKER BROOK, tributary to",41.6003,-73.3522,103012252,1991,FISH,26,FishPer100M
16804,LEWIS ATWOOD BROOK,41.5978,-73.1508,103012317,1991,FISH,34,FishPer100M
15998,"Town Farm Brook (""Clatter Valley Brook"")",41.5477,-73.3889,103013474,2006,FISH,26.96629213,FishPer100M
15998,"Town Farm Brook (""Clatter Valley Brook"")",41.5477,-73.3889,103013474,1991,FISH,53.33333333,FishPer100M
16981,POOTATUCK RIVER,41.3931,-73.2683,103014870,1991,FISH,30.92105263,FishPer100M
15575,Little Pootatuck Brook,41.4517,-73.272,103015442,1991,FISH,28,FishPer100M
16035,Nickelmine Brook,41.8342,-73.1786,103006136,1992,FISH,33,FishPer100M
17059,SPAULDING BROOK,41.9878,-73.1928,103003684,1992,FISH,11,FishPer100M
17207,WOOD CREEK,41.6486,-73.2411,103011125,1991,FISH,220,FishPer100M
17119,TODD HOLLOW BROOK,41.6522,-73.0361,103011063,1991,FISH,29.6,FishPer100M
14355,Nonewaug River,41.5575,-73.2122,103013116,2016,FISH,105.2631579,FishPer100M
14355,Nonewaug River,41.5575,-73.2122,103013116,2014,TEMP,18.26870063,DegreeC
17037,SHATTUCK BROOK,41.5117,-73.0839,103014054,1991,FISH,22,FishPer100M
17057,SOUTH BRANCH BULLET HILL BROOK,41.4761,-73.2106,103015162,1991,FISH,170,FishPer100M
14652,Hockanum Brook,41.4392,-73.0386,103015796,1995,FISH,49.33333333,FishPer100M
16741,HOCKANUM BROOK,41.44,-73.035,103015796,1991,FISH,42,FishPer100M
14779,Limekiln Brook,41.3915,-73.3879,103016800,1991,FISH,17.33333333,FishPer100M
16422,Halfway River,41.3656,-73.2284,103017569,2014,TEMP,18.25659239,DegreeC
16422,Halfway River,41.3656,-73.2284,103017569,2009,TEMP,17.89710598,DegreeC
16305,"Beaver Brook, tributary to",41.7004,-72.1066,107000743,2008,FISH,25.33333333,FishPer100M
16509,"BIGELOW POND,Tributary to",41.9947,-72.128,107003568,1994,FISH,28,FishPer100M
16639,ELDRIDGE BROOK,41.8481,-72.2455,107002160,1994,FISH,134,FishPer100M
16878,MUDDY BROOK,41.9761,-71.9697,109002131,1994,FISH,17.6,FishPer100M
14718,Mount Misery Brook,41.603,-71.868,109003925,1993,FISH,10.76923077,FishPer100M
16532,BROWNS BROOK,42.0111,-72.1739,109001946,1994,FISH,36,FishPer100M
16532,BROWNS BROOK,42.0111,-72.1739,109001946,2011,FISH,28,FishPer100M
17849,KELLY BROOK,41.87992,-71.8318,109002671,2008,FISH,18,FishPer100M
17850,Kelly Brook,41.87213,-71.83594,109002671,2014,FISH,29.05982906,FishPer100M
16829,MASHENTUCK BROOK,41.835,-71.8439,109002850,1994,FISH,549,FishPer100M
15035,Spruce Brook,41.7472,-73.115,103008473,2003,FISH,30,FishPer100M
15035,Spruce Brook,41.7472,-73.115,103008473,2016,FISH,21.77419355,FishPer100M
15035,Spruce Brook,41.7472,-73.115,103008473,1992,FISH,34.66666667,FishPer100M
15062,Jefferson Hill Brook,41.7477,-73.1195,103008511,1992,FISH,36,FishPer100M
15062,Jefferson Hill Brook,41.7477,-73.1195,103008511,2003,FISH,20,FishPer100M
17113,THAYER BROOK,41.710126,-73.491243,103009605,1992,FISH,26.31578947,FishPer100M
17120,TODD HOLLOW BROOK,41.6708,-73.0414,103010573,1991,FISH,22,FishPer100M
16817,LONG SWAMP BROOK,41.5389,-73.0978,103013648,1991,FISH,18,FishPer100M
16333,Bullet Hill Brook,41.4826,-73.2205,103014760,2015,TEMP,17.44686549,DegreeC
16333,Bullet Hill Brook,41.4826,-73.2205,103014760,2014,TEMP,16.73114266,DegreeC
16333,Bullet Hill Brook,41.4826,-73.2205,103014760,2013,TEMP,17.51849222,DegreeC
16333,Bullet Hill Brook,41.4826,-73.2205,103014760,2012,TEMP,18.1016567,DegreeC
16333,Bullet Hill Brook,41.4826,-73.2205,103014760,2018,TEMP,18.24469112,DegreeC
16750,HOPP BROOK,41.4097,-73.0367,103016361,1991,FISH,148.5714286,FishPer100M
16253,Deep Brook,41.3976,-73.3006,103016637,2009,TEMP,18.23599638,DegreeC
15017,Fivemile Brook,41.3846,-73.1597,103016986,1991,FISH,15,FishPer100M
15017,Fivemile Brook,41.3846,-73.1597,103016986,2003,FISH,73.79310345,FishPer100M
15017,Fivemile Brook,41.3846,-73.1597,103016986,2006,FISH,12.5,FishPer100M
16921,NORTH BRANCH POOTATUCK BROOK,41.3772,-73.2839,103017155,1991,FISH,22,FishPer100M
16191,Hall Meadow Brook,41.9173,-73.1949,103004719,2010,TEMP,17.74597455,DegreeC
16191,Hall Meadow Brook,41.9173,-73.1949,103004719,2013,TEMP,17.68604167,DegreeC
16191,Hall Meadow Brook,41.9173,-73.1949,103004719,2015,TEMP,17.00470686,DegreeC
16191,Hall Meadow Brook,41.9173,-73.1949,103004719,2010,FISH,56,FishPer100M
16191,Hall Meadow Brook,41.9173,-73.1949,103004719,2011,FISH,35.86206897,FishPer100M
16191,Hall Meadow Brook,41.9173,-73.1949,103004719,2015,FISH,50,FishPer100M
16191,Hall Meadow Brook,41.9173,-73.1949,103004719,2014,TEMP,17.03888419,DegreeC
16191,Hall Meadow Brook,41.9173,-73.1949,103004719,2007,FISH,34.18803419,FishPer100M
16615,DRAKE POND BROOK,41.8514,-73.1611,103005683,1992,FISH,80,FishPer100M
17163,"WEST ASPETUCK RIVER, tributary to",41.6725,-73.3897,103010517,1992,FISH,18,FishPer100M
16708,GREENWOOD BROOK,41.5694,-73.5072,103012880,1991,FISH,77,FishPer100M
14212,Fulling Mill Brook,41.5056,-73.0315,103014227,2016,FISH,17.1875,FishPer100M
14129,Beacon Hill Brook,41.4684,-73.0501,103015193,2016,TEMP,18.13786005,DegreeC
14129,Beacon Hill Brook,41.4684,-73.0501,103015193,2006,TEMP,17.98234522,DegreeC
14129,Beacon Hill Brook,41.4684,-73.0501,103015193,2017,TEMP,17.40155435,DegreeC
15577,Kettletown Brook,41.427,-73.206,103016060,1991,FISH,32,FishPer100M
16423,Country Club Brook,41.4082,-73.3059,103016406,2008,TEMP,17.67843886,DegreeC
16423,Country Club Brook,41.4082,-73.3059,103016406,2009,TEMP,16.94322736,DegreeC
16933,OWENS BROOK,41.8878,-72.8039,105001610,1988,FISH,92,FishPer100M
16933,OWENS BROOK,41.8878,-72.8039,105001610,2015,FISH,100,FishPer100M
16078,South Mountain Brook,41.6621,-72.947,105001033,2011,FISH,24,FishPer100M
16078,South Mountain Brook,41.6621,-72.947,105001033,2007,FISH,14.16666667,FishPer100M
14842,Indian Meadow Brook,41.9305,-73.079,105000586,2015,FISH,30,FishPer100M
14842,Indian Meadow Brook,41.9305,-73.079,105000586,2002,FISH,103.2258065,FishPer100M
14842,Indian Meadow Brook,41.9305,-73.079,105000586,2014,TEMP,16.85855118,DegreeC
14842,Indian Meadow Brook,41.9305,-73.079,105000586,2011,TEMP,17.80771552,DegreeC
14842,Indian Meadow Brook,41.9305,-73.079,105000586,2013,TEMP,17.56855525,DegreeC
14842,Indian Meadow Brook,41.9305,-73.079,105000586,2008,FISH,10,FishPer100M
16317,Coppermine Brook,41.7137,-72.9261,105000062,2008,FISH,95.8677686,FishPer100M
16589,COPPERMINE BROOK,41.7128,-72.9244,105000062,1988,FISH,11,FishPer100M
16370,Bunnell Brook,41.7807,-72.963,105001294,2014,TEMP,17.93911322,DegreeC
16370,Bunnell Brook,41.7807,-72.963,105001294,2017,TEMP,18.06187772,DegreeC
16370,Bunnell Brook,41.7807,-72.963,105001294,2013,TEMP,18.11836911,DegreeC
16159,East Branch Salmon Brook,42.0347,-72.8625,105000892,2008,FISH,162.1052632,FishPer100M
16159,East Branch Salmon Brook,42.0347,-72.8625,105000892,2007,FISH,127.2727273,FishPer100M
15512,Mountain Brook,41.9945,-72.8282,105002116,2004,FISH,136.25,FishPer100M
15512,Mountain Brook,41.9945,-72.8282,105002116,2012,FISH,66.4,FishPer100M
15512,Mountain Brook,41.9945,-72.8282,105002116,2015,FISH,62,FishPer100M
16107,Lead Mine Brook,41.9575,-72.1564,107003258,1994,FISH,11,FishPer100M
16830,MASON BROOK,41.835,-72.2464,107002019,1994,FISH,20,FishPer100M
16739,HILL BROOK,41.7125,-73.2472,103009603,1992,FISH,118.1818182,FishPer100M
17321,East Spring Brook,41.6121,-73.1761,103012069,2014,TEMP,18.2839615,DegreeC
16536,BULLYMUCK BROOK,41.5894,-73.4611,103012418,1991,FISH,16.66666667,FishPer100M
16431,Sprain Brook,41.5696,-73.2259,103012879,2016,FISH,263.2075472,FishPer100M
16431,Sprain Brook,41.5696,-73.2259,103012879,2014,TEMP,17.9138673,DegreeC
16431,Sprain Brook,41.5696,-73.2259,103012879,2017,TEMP,18.04254574,DegreeC
16656,FENN BROOK,41.5669,-73.3255,103012948,1991,FISH,10,FishPer100M
17035,SECOND HILL BROOK,41.5614,-73.3564,103013125,1991,FISH,62,FishPer100M
17035,SECOND HILL BROOK,41.5614,-73.3564,103013125,2016,FISH,24,FishPer100M
17134,"TRANSYLVANIA BROOK, tributary to",41.5142,-73.2553,103014113,1991,FISH,192,FishPer100M
17186,WEWAKA BROOK,41.4878,-73.3508,103014674,2010,FISH,11.33333333,FishPer100M
16124,Flat Brook,41.938249,-73.321123,103004034,2011,FISH,10.37037037,FishPer100M
16124,Flat Brook,41.938249,-73.321123,103004034,2016,FISH,12,FishPer100M
16124,Flat Brook,41.938249,-73.321123,103004034,2007,FISH,20,FishPer100M
16124,Flat Brook,41.938249,-73.321123,103004034,1992,FISH,47,FishPer100M
16124,Flat Brook,41.938249,-73.321123,103004034,2017,TEMP,17.75801313,DegreeC
16124,Flat Brook,41.938249,-73.321123,103004034,2016,TEMP,17.78370205,DegreeC
16124,Flat Brook,41.938249,-73.321123,103004034,2015,TEMP,17.83218443,DegreeC
16124,Flat Brook,41.938249,-73.321123,103004034,2014,TEMP,18.28030888,DegreeC
17144,"EAST BR. NAUGATUCK RIVER, tributary to",41.8586,-73.1261,103005567,1992,FISH,17,FishPer100M
16630,EAST BRANCH SHEPAUG RIVER,41.8336,-73.2803,103006263,1992,FISH,44,FishPer100M
16623,EAST BRANCH LEADMINE BROOK,41.8056,-73.0639,103006778,1992,FISH,62,FishPer100M
16623,EAST BRANCH LEADMINE BROOK,41.8056,-73.0639,103006778,2013,FISH,27.27272727,FishPer100M
15063,Spruce Brook,41.7481,-73.1194,103008455,2010,FISH,13.15789474,FishPer100M
15063,Spruce Brook,41.7481,-73.1194,103008455,2003,FISH,36,FishPer100M
17070,STILL BROOK,41.7219,-73.2464,103009224,1992,FISH,130,FishPer100M
16693,GLEN BROOK,41.545,-73.4833,103013554,2015,FISH,23.30097087,FishPer100M
17129,"DEEP BROOK, tributary to",41.3922,-73.3153,103016945,1991,FISH,24,FishPer100M
17129,"DEEP BROOK, tributary to",41.3922,-73.3153,103016945,2012,FISH,31.57894737,FishPer100M
17148,"HALL MEADOW BROOK, tributary to",41.9189,-73.1881,103004188,1992,FISH,312,FishPer100M
17148,"HALL MEADOW BROOK, tributary to",41.9189,-73.1881,103004188,2011,FISH,73.01587302,FishPer100M
17148,"HALL MEADOW BROOK, tributary to",41.9189,-73.1881,103004188,2014,FISH,169.1358025,FishPer100M
16554,"CANDLEWOOD LAKE,Tributary to",41.5622,-73.4872,103004559,1991,FISH,62,FishPer100M
16732,HEFFERS BROOK,41.8697,-73.3286,103005272,1992,FISH,163.6363636,FishPer100M
16127,Jakes Brook,41.864151,-73.167442,103005443,2007,FISH,26,FishPer100M
16127,Jakes Brook,41.864151,-73.167442,103005443,2018,FISH,30,FishPer100M
16127,Jakes Brook,41.864151,-73.167442,103005443,2016,FISH,30,FishPer100M
16127,Jakes Brook,41.864151,-73.167442,103005443,2011,FISH,16.34615385,FishPer100M
16127,Jakes Brook,41.864151,-73.167442,103005443,2018,TEMP,17.60248868,DegreeC
16127,Jakes Brook,41.864151,-73.167442,103005443,2013,FISH,74.25742574,FishPer100M
16127,Jakes Brook,41.864151,-73.167442,103005443,2014,TEMP,16.85325462,DegreeC
16127,Jakes Brook,41.864151,-73.167442,103005443,2016,TEMP,15.08280245,DegreeC
16127,Jakes Brook,41.864151,-73.167442,103005443,2011,TEMP,17.50596378,DegreeC
16127,Jakes Brook,41.864151,-73.167442,103005443,2015,TEMP,17.03379212,DegreeC
16127,Jakes Brook,41.864151,-73.167442,103005443,2013,TEMP,17.69583696,DegreeC
16127,Jakes Brook,41.864151,-73.167442,103005443,2017,TEMP,16.33012772,DegreeC
16781,JAKES BROOK,41.864146,-73.170165,103005443,1992,FISH,62.66666667,FishPer100M
17151,"LAKE WARAMAUG BROOK, tributary to",41.7383,-73.3369,103008754,1992,FISH,57.14285714,FishPer100M
16825,MALLORY BROOK,41.6428,-73.3144,103011218,1991,FISH,20.56074766,FishPer100M
15128,Kirby Brook,41.6173,-73.3227,103011915,1991,FISH,11,FishPer100M
14846,Sawmill Brook,41.5851,-73.5108,103012506,2002,FISH,80,FishPer100M
16926,Norwichtown Brook,41.5525,-72.1047,108000497,1993,FISH,20,FishPer100M
16926,Norwichtown Brook,41.5525,-72.1047,108000497,2007,FISH,16,FishPer100M
16930,Oil Mill Brook,41.375558,-72.190655,108001975,1993,FISH,20,FishPer100M
16594,Cranberry Meadow Brook,41.405177,-72.225708,108001678,1993,FISH,190,FishPer100M
16594,Cranberry Meadow Brook,41.405177,-72.225708,108001678,2010,FISH,71.27659574,FishPer100M
16594,Cranberry Meadow Brook,41.405177,-72.225708,108001678,2012,FISH,44,FishPer100M
16594,Cranberry Meadow Brook,41.405177,-72.225708,108001678,2013,FISH,25,FishPer100M
16717,Haleys Brook,41.3867,-71.9681,108001850,1993,FISH,87.33333333,FishPer100M
17318,Jordan Brook,41.3683,-72.1509,108002088,2010,FISH,56,FishPer100M
16946,Pease Brook,41.6175,-72.2208,108000137,1993,FISH,54.66666667,FishPer100M
16276,Latimer Brook,41.4375,-72.2253,108001365,1993,FISH,60.95238095,FishPer100M
16298,Stony Brook,41.4716,-72.1182,108001091,1993,FISH,18,FishPer100M
16472,Anguilla Brook,41.3822,-71.875,108001906,1993,FISH,20,FishPer100M
17267,Stony Brook,41.3691,-72.173,108002083,2010,FISH,36,FishPer100M
17267,Stony Brook,41.3691,-72.173,108002083,2012,FISH,26,FishPer100M
17267,Stony Brook,41.3691,-72.173,108002083,2009,FISH,10,FishPer100M
17531,Stony Brook,41.37099,-72.17327,108002083,2010,FISH,11.11111111,FishPer100M
16702,Great Brook,41.3906,-72.0397,108001841,1993,FISH,33.33333333,FishPer100M
16661,Fishtown Brook,41.3467,-71.9964,108002233,1993,FISH,16,FishPer100M
14263,Kahn Brook,41.5681,-72.1702,108000399,2014,FISH,11.45038168,FishPer100M
14263,Kahn Brook,41.5681,-72.1702,108000399,2012,FISH,33.84615385,FishPer100M
14263,Kahn Brook,41.5681,-72.1702,108000399,2007,FISH,22,FishPer100M
14263,Kahn Brook,41.5681,-72.1702,108000399,2014,TEMP,16.75130933,DegreeC
16606,Deep River,41.5575,-72.2417,108000451,1993,FISH,11.81818182,FishPer100M
16645,Falls Brook,41.4745,-72.1194,108001072,2013,FISH,10,FishPer100M
16645,Falls Brook,41.4745,-72.1194,108001072,1993,FISH,52,FishPer100M
14860,Flat Brook,41.4062,-72.0747,108001640,2002,FISH,85.59322034,FishPer100M
14860,Flat Brook,41.4062,-72.0747,108001640,1993,FISH,46.66666667,FishPer100M
16613,Donahue Brook,41.3542,-71.8958,108002162,1993,FISH,12,FishPer100M
16787,"Jordan Brook,Tributary to",41.3485,-72.1504,108002229,1993,FISH,100,FishPer100M
15543,Pease Brook,41.5947,-72.1923,108000230,1993,FISH,21.33333333,FishPer100M
15543,Pease Brook,41.5947,-72.1923,108000230,2009,FISH,11.42857143,FishPer100M
15543,Pease Brook,41.5947,-72.1923,108000230,2014,FISH,35.71428571,FishPer100M
17123,Trading Cove Brook,41.5169,-72.18,108000688,1993,FISH,10,FishPer100M
17187,Wheeler Brook,41.4072,-71.8814,108001615,1993,FISH,76,FishPer100M
17187,Wheeler Brook,41.4072,-71.8814,108001615,2017,FISH,12.66666667,FishPer100M
16072,Trading Cove Brook,41.5046,-72.138,108000802,2007,FISH,25,FishPer100M
16759,Hoxie Brook,41.60691,-72.202622,108000188,1993,FISH,20,FishPer100M
17796,CROWLEY Brook,41.49745,-72.03829,108000855,2007,FISH,10,FishPer100M
17796,CROWLEY Brook,41.49745,-72.03829,108000855,2014,FISH,231.4814815,FishPer100M
16607,Deep River,41.5325,-72.2728,108000588,1993,FISH,58,FishPer100M
15252,Joe Clark Brook,41.4719,-72.0275,108001109,1993,FISH,302,FishPer100M
16931,Oil Mill Brook,41.3731,-72.1915,108002016,1993,FISH,12.79069767,FishPer100M
17013,Rose Brook,41.4797,-72.0119,108001069,1993,FISH,88,FishPer100M
17084,Stony Brook,41.459782,-72.114375,108001198,1993,FISH,110,FishPer100M
14774,Bride Brook,41.336,-72.2419,108002353,2001,FISH,84,FishPer100M
14774,Bride Brook,41.336,-72.2419,108002353,2010,FISH,128,FishPer100M
14774,Bride Brook,41.336,-72.2419,108002353,2012,FISH,188,FishPer100M
17532,Bride Brook,41.34121,-72.2452,108002353,2012,FISH,212,FishPer100M
15754,Copps Brook,41.4075,-71.9282,108001672,1993,FISH,330.4347826,FishPer100M
15015,Seth Williams Brook,41.4399,-71.9741,108001341,1993,FISH,20,FishPer100M
17201,Willys Meadow Brook,41.3811,-72.1878,108001930,1993,FISH,17,FishPer100M
16668,Ford Brook,41.5072,-72.1114,108000809,1993,FISH,18,FishPer100M
16299,Hunts brook,41.4293,-72.172,108001436,2010,FISH,10.37735849,FishPer100M
17000,Red Brook,41.3908,-71.973,108001846,1993,FISH,148,FishPer100M
15236,Eccelston Brook,41.3367,-72.0028,108002299,1993,FISH,65.625,FishPer100M
14731,Trading Cove Brook,41.5021,-72.1235,108000827,2014,FISH,19.35483871,FishPer100M
16297,Stony Brook,41.489,-72.1318,108000942,1993,FISH,60.74766355,FishPer100M
16297,Stony Brook,41.489,-72.1318,108000942,2009,FISH,13.33333333,FishPer100M
17085,Stony Brook,41.4739,-72.1181,108001071,1993,FISH,78,FishPer100M
16690,Gillette Brook,41.5714,-72.2256,108000371,1993,FISH,196,FishPer100M
16192,Trading Cove Brook,41.5012,-72.1161,108000838,2012,FISH,18,FishPer100M
16192,Trading Cove Brook,41.5012,-72.1161,108000838,2014,FISH,68.66666667,FishPer100M
16192,Trading Cove Brook,41.5012,-72.1161,108000838,1993,FISH,61.14649682,FishPer100M
16192,Trading Cove Brook,41.5012,-72.1161,108000838,2011,FISH,117.0940171,FishPer100M
16192,Trading Cove Brook,41.5012,-72.1161,108000838,2006,FISH,30,FishPer100M
16786,Jordan Brook,41.3605,-72.1474,108002228,1993,FISH,184.8920863,FishPer100M
16786,Jordan Brook,41.3605,-72.1474,108002228,2013,FISH,15.88785047,FishPer100M
16786,Jordan Brook,41.3605,-72.1474,108002228,2014,FISH,32.98969072,FishPer100M
16786,Jordan Brook,41.3605,-72.1474,108002228,2010,FISH,63.36633663,FishPer100M
16767,Hunts Brook,41.4219,-72.155,108001506,1993,FISH,24,FishPer100M
16769,"Hunts Brook,Tributary to",41.4242,-72.1578,108001469,1993,FISH,28.30188679,FishPer100M
16969,"Pine Swamp Brook, tributary to",41.4245,-72.0758,108001484,1993,FISH,289.0909091,FishPer100M
17194,"Williams Brook, Tributary to",41.447,-71.9728,108001272,1993,FISH,20,FishPer100M
17116,Thompson Brook,41.3975,-72.0411,108001765,1993,FISH,294,FishPer100M
16295,Latimer Brook,41.3695,-72.2002,108002043,1993,FISH,12,FishPer100M
15215,Thompson Brook,41.7717,-72.8564,105000129,2009,TEMP,17.63085462,DegreeC
15215,Thompson Brook,41.7717,-72.8564,105000129,2008,FISH,84.51612903,FishPer100M
16539,BUNNELL BROOK,41.7761,-72.9817,105000135,2017,FISH,55,FishPer100M
16539,BUNNELL BROOK,41.7761,-72.9817,105000135,1988,FISH,15,FishPer100M
16387,Hurricane Brook,42.033,-72.9207,105000877,2014,TEMP,16.16730471,DegreeC
16387,Hurricane Brook,42.033,-72.9207,105000877,2017,TEMP,15.87722192,DegreeC
16387,Hurricane Brook,42.033,-72.9207,105000877,2015,TEMP,16.27113444,DegreeC
16387,Hurricane Brook,42.033,-72.9207,105000877,2012,FISH,30.52631579,FishPer100M
16387,Hurricane Brook,42.033,-72.9207,105000877,2013,TEMP,16.93274366,DegreeC
16387,Hurricane Brook,42.033,-72.9207,105000877,2018,TEMP,17.09208469,DegreeC
16387,Hurricane Brook,42.033,-72.9207,105000877,2014,FISH,15.2866242,FishPer100M
16387,Hurricane Brook,42.033,-72.9207,105000877,2016,TEMP,16.19261551,DegreeC
15795,FARMINGTON RIVER,41.8579,-72.9583,105000291,2017,TEMP,16.19464194,DegreeC
15795,FARMINGTON RIVER,41.8579,-72.9583,105000291,2015,TEMP,15.86984828,DegreeC
15795,FARMINGTON RIVER,41.8579,-72.9583,105000291,2012,FISH,11.66666667,FishPer100M
15795,FARMINGTON RIVER,41.8579,-72.9583,105000291,2018,TEMP,15.87916712,DegreeC
15795,FARMINGTON RIVER,41.8579,-72.9583,105000291,2013,TEMP,17.61579257,DegreeC
15795,FARMINGTON RIVER,41.8579,-72.9583,105000291,2014,TEMP,16.68413617,DegreeC
15795,FARMINGTON RIVER,41.8579,-72.9583,105000291,2016,TEMP,17.92614493,DegreeC
16258,West Branch Farmington River,41.9735,-73.0209,105000784,2015,TEMP,11.34316033,DegreeC
16258,West Branch Farmington River,41.9735,-73.0209,105000784,2014,TEMP,13.07642799,DegreeC
16258,West Branch Farmington River,41.9735,-73.0209,105000784,2016,TEMP,12.62058786,DegreeC
16258,West Branch Farmington River,41.9735,-73.0209,105000784,2008,FISH,62,FishPer100M
16258,West Branch Farmington River,41.9735,-73.0209,105000784,2012,FISH,16,FishPer100M
16258,West Branch Farmington River,41.9735,-73.0209,105000784,2013,TEMP,14.74429937,DegreeC
15792,West Branch Farmington River,41.9602,-73.0178,105002004,2018,TEMP,10.98656975,DegreeC
15792,West Branch Farmington River,41.9602,-73.0178,105002004,2013,TEMP,14.64215761,DegreeC
15792,West Branch Farmington River,41.9602,-73.0178,105002004,2015,TEMP,11.65019601,DegreeC
15792,West Branch Farmington River,41.9602,-73.0178,105002004,2016,TEMP,13.02574094,DegreeC
15792,West Branch Farmington River,41.9602,-73.0178,105002004,2014,TEMP,13.17301602,DegreeC
15792,West Branch Farmington River,41.9602,-73.0178,105002004,2017,TEMP,12.4073596,DegreeC
17365,Farmington River,41.7842,-72.9234,105001303,2018,TEMP,18.22566712,DegreeC
17365,Farmington River,41.7842,-72.9234,105001303,2017,TEMP,18.17671603,DegreeC
15793,West Branch Farmington River,41.9551,-73.0142,105001868,2016,TEMP,15.21552672,DegreeC
15793,West Branch Farmington River,41.9551,-73.0142,105001868,2014,TEMP,16.14907518,DegreeC
15793,West Branch Farmington River,41.9551,-73.0142,105001868,2015,TEMP,15.22010598,DegreeC
15793,West Branch Farmington River,41.9551,-73.0142,105001868,2013,TEMP,17.70429121,DegreeC
14402,Poland River,41.6912,-73.0045,105000030,2012,FISH,12.43243243,FishPer100M
17121,TORRINGFORD BROOK,41.8345,-73.0408,105000233,1988,FISH,116,FishPer100M
15794,West Branch Farmington River,41.8732,-72.9648,105001575,2010,FISH,15.48387097,FishPer100M
16239,West Branch Farmington River,41.878,-72.965,105001575,2014,TEMP,16.83803966,DegreeC
16239,West Branch Farmington River,41.878,-72.965,105001575,2012,FISH,24,FishPer100M
16239,West Branch Farmington River,41.878,-72.965,105001575,2013,TEMP,17.57855571,DegreeC
16239,West Branch Farmington River,41.878,-72.965,105001575,2015,TEMP,15.49809783,DegreeC
16239,West Branch Farmington River,41.878,-72.965,105001575,2016,TEMP,17.5875702,DegreeC
16160,"East Branch Salmon Brook, tributary to",42.0346,-72.8627,105002262,2007,FISH,70,FishPer100M
16502,BELDEN BROOK,42.0056,-72.8508,105000830,1988,FISH,11,FishPer100M
16502,BELDEN BROOK,42.0056,-72.8508,105000830,2016,FISH,37.86407767,FishPer100M
16502,BELDEN BROOK,42.0056,-72.8508,105000830,2016,TEMP,17.0205317,DegreeC
16502,BELDEN BROOK,42.0056,-72.8508,105000830,2012,FISH,83.33333333,FishPer100M
16316,Jim Brook,41.8377,-72.8817,105001412,2017,FISH,12.26415094,FishPer100M
16316,Jim Brook,41.8377,-72.8817,105001412,2012,FISH,36,FishPer100M
16316,Jim Brook,41.8377,-72.8817,105001412,2008,FISH,10.4,FishPer100M
15171,East Branch Salmon Brook,41.955,-72.7794,105000678,2010,FISH,29.33333333,FishPer100M
15171,East Branch Salmon Brook,41.955,-72.7794,105000678,2017,FISH,20,FishPer100M
16174,"West Branch Salmon Brook, Unnamed tributary to",41.9354,-72.8309,105000589,2007,FISH,56.8,FishPer100M
16075,Morgan Brook,41.9048,-73.027,105000497,2007,FISH,14.45783133,FishPer100M
14532,Morgan Brook,41.9018,-72.9889,105001701,2009,TEMP,17.83479167,DegreeC
16996,RATLUM BROOK,41.8928,-72.9383,105000421,1988,FISH,110,FishPer100M
15701,Bakersville Brook,41.8385,-73.0278,105000236,1988,FISH,75,FishPer100M
15701,Bakersville Brook,41.8385,-73.0278,105000236,2005,FISH,17.21311475,FishPer100M
16501,BELDEN BROOK,42.0122,-72.8775,105000840,1988,FISH,184,FishPer100M
16730,HAWLEY BROOK,41.7875,-72.9094,105001275,2013,FISH,40,FishPer100M
14819,Mallory Brook,41.9063,-73.0474,105000494,2014,TEMP,15.92724049,DegreeC
14819,Mallory Brook,41.9063,-73.0474,105000494,1999,FISH,29.41176471,FishPer100M
14819,Mallory Brook,41.9063,-73.0474,105000494,2010,TEMP,17.39319524,DegreeC
14819,Mallory Brook,41.9063,-73.0474,105000494,2015,TEMP,16.44951812,DegreeC
14819,Mallory Brook,41.9063,-73.0474,105000494,2010,FISH,44,FishPer100M
14819,Mallory Brook,41.9063,-73.0474,105000494,2008,FISH,14,FishPer100M
14819,Mallory Brook,41.9063,-73.0474,105000494,2013,TEMP,16.53300226,DegreeC
14997,East Branch Salmon Brook,42.0135,-72.8435,105002182,2003,FISH,43.33333333,FishPer100M
15001,Beach Brook,41.946,-72.8575,105001894,2003,FISH,55.33333333,FishPer100M
17029,SAWMILL BROOK,41.9908,-72.9672,105002094,1988,FISH,166,FishPer100M
14484,West Branch Salmon Brook,41.9372,-72.8215,105000642,2014,FISH,60.41666667,FishPer100M
14484,West Branch Salmon Brook,41.9372,-72.8215,105000642,2015,TEMP,18.27070607,DegreeC
14484,West Branch Salmon Brook,41.9372,-72.8215,105000642,2004,FISH,191.2621359,FishPer100M
14484,West Branch Salmon Brook,41.9372,-72.8215,105000642,2010,FISH,109.3333333,FishPer100M
14484,West Branch Salmon Brook,41.9372,-72.8215,105000642,2013,FISH,72.79236277,FishPer100M
14484,West Branch Salmon Brook,41.9372,-72.8215,105000642,2013,TEMP,18.08452853,DegreeC
14484,West Branch Salmon Brook,41.9372,-72.8215,105000642,2014,TEMP,18.00606748,DegreeC
14484,West Branch Salmon Brook,41.9372,-72.8215,105000642,2017,TEMP,17.98945969,DegreeC
16069,West Branch Salmon Brook,41.9353,-72.8301,105000642,2007,FISH,48.57142857,FishPer100M
15499,West Branch Salmon Brook,41.94096,-72.834302,105000620,2014,TEMP,17.68517437,DegreeC
15499,West Branch Salmon Brook,41.94096,-72.834302,105000620,2009,FISH,69.94219653,FishPer100M
15499,West Branch Salmon Brook,41.94096,-72.834302,105000620,2011,FISH,73.14285714,FishPer100M
15499,West Branch Salmon Brook,41.94096,-72.834302,105000620,2013,FISH,95.67567568,FishPer100M
15499,West Branch Salmon Brook,41.94096,-72.834302,105000620,2017,TEMP,17.74118478,DegreeC
15499,West Branch Salmon Brook,41.94096,-72.834302,105000620,2015,FISH,86.66666667,FishPer100M
15499,West Branch Salmon Brook,41.94096,-72.834302,105000620,2015,TEMP,18.06327636,DegreeC
15499,West Branch Salmon Brook,41.94096,-72.834302,105000620,2018,FISH,160.6666667,FishPer100M
15704,West Branch Salmon Brook,41.9704,-72.8647,105001983,2005,FISH,17.91044776,FishPer100M
16898,NEGRO HILL BROOK,41.7253,-72.9497,105000061,2012,FISH,73,FishPer100M
16898,NEGRO HILL BROOK,41.7253,-72.9497,105000061,1988,FISH,116,FishPer100M
17398,Negro Hill Brook,41.7254,-72.95,105000061,2016,FISH,99,FishPer100M
17398,Negro Hill Brook,41.7254,-72.95,105000061,2015,FISH,41,FishPer100M
15702,West Branch Salmon Brook,41.9429,-72.7816,105001873,2005,FISH,28.96551724,FishPer100M
15964,Thompson Brook,41.7681,-72.8497,105001258,2015,TEMP,16.35945562,DegreeC
15964,Thompson Brook,41.7681,-72.8497,105001258,2008,FISH,177.7777778,FishPer100M
15964,Thompson Brook,41.7681,-72.8497,105001258,2006,FISH,117.7777778,FishPer100M
15964,Thompson Brook,41.7681,-72.8497,105001258,2010,TEMP,14.61143815,DegreeC
15964,Thompson Brook,41.7681,-72.8497,105001258,2017,TEMP,15.90096739,DegreeC
15964,Thompson Brook,41.7681,-72.8497,105001258,2016,TEMP,17.44079891,DegreeC
15964,Thompson Brook,41.7681,-72.8497,105001258,2018,TEMP,17.12284556,DegreeC
15964,Thompson Brook,41.7681,-72.8497,105001258,2014,TEMP,16.4272971,DegreeC
15964,Thompson Brook,41.7681,-72.8497,105001258,2006,TEMP,15.82413778,DegreeC
15964,Thompson Brook,41.7681,-72.8497,105001258,2017,FISH,81.13207547,FishPer100M
15964,Thompson Brook,41.7681,-72.8497,105001258,2013,TEMP,16.63744565,DegreeC
15964,Thompson Brook,41.7681,-72.8497,105001258,2010,FISH,172.9411765,FishPer100M
16709,GRIMES BROOK,41.8822,-72.8178,105001560,1988,FISH,14,FishPer100M
15825,West Branch Farmington River,41.9168,-72.989,105001781,2018,TEMP,14.14113587,DegreeC
15825,West Branch Farmington River,41.9168,-72.989,105001781,2012,FISH,53.33333333,FishPer100M
15825,West Branch Farmington River,41.9168,-72.989,105001781,2016,TEMP,15.82274185,DegreeC
15825,West Branch Farmington River,41.9168,-72.989,105001781,2017,TEMP,14.72027009,DegreeC
15825,West Branch Farmington River,41.9168,-72.989,105001781,2013,TEMP,16.92250725,DegreeC
15825,West Branch Farmington River,41.9168,-72.989,105001781,2014,TEMP,15.50995592,DegreeC
15703,West Branch Salmon Brook,41.9592,-72.8469,105001956,2015,TEMP,17.65279982,DegreeC
15703,West Branch Salmon Brook,41.9592,-72.8469,105001956,2014,TEMP,17.32359284,DegreeC
15703,West Branch Salmon Brook,41.9592,-72.8469,105001956,2013,TEMP,17.6737312,DegreeC
15172,Belden Brook,42.0013,-72.8352,105000827,2012,FISH,10.41666667,FishPer100M
15172,Belden Brook,42.0013,-72.8352,105000827,2004,FISH,39.81481481,FishPer100M
15992,Fox Brook,42.027,-72.8624,105002240,2006,FISH,18.57142857,FishPer100M
16628,EAST BRANCH SALMON BROOK,42.0292,-72.8619,105002228,1988,FISH,80,FishPer100M
16089,Morgan Brook,41.9086,-73.0007,105001733,2017,FISH,27.10280374,FishPer100M
16382,Bakersville Brook,41.8267,-73.0449,105000223,2008,FISH,26,FishPer100M
16393,Taylor Brook,41.8906,-73.0979,105001643,2008,FISH,18.46153846,FishPer100M
16393,Taylor Brook,41.8906,-73.0979,105001643,1988,FISH,470,FishPer100M
15515,Beaver Brook,41.9151,-72.9736,105001766,2004,FISH,24.27184466,FishPer100M
15570,Ratlum Brook,41.8723,-72.9561,105001546,2012,FISH,56,FishPer100M
15680,Beaver Brook,41.9513,-72.9958,105001945,1988,FISH,38,FishPer100M
15680,Beaver Brook,41.9513,-72.9958,105001945,2005,FISH,56.09756098,FishPer100M
15680,Beaver Brook,41.9513,-72.9958,105001945,2015,FISH,36,FishPer100M
16861,MOOSEHORN BROOK,41.97486,-72.872207,105002029,1988,FISH,74,FishPer100M
16116,Kettle Brook,41.9324,-72.9442,105001830,1988,FISH,161,FishPer100M
16116,Kettle Brook,41.9324,-72.9442,105001830,2007,FISH,11.30952381,FishPer100M
16388,Belden Brook,42.0144,-72.8888,105002184,2008,FISH,20,FishPer100M
16904,"Farmington River, Unnamed tributary to",41.842,-72.9531,105000244,1988,FISH,134,FishPer100M
17052,SLOCUM RIVER,42.0322,-73.0353,105002246,1988,FISH,88,FishPer100M
15166,Jim Brook,41.8475,-72.8831,105001422,1988,FISH,38,FishPer100M
14390,Pequabuck River,41.6742,-72.9619,105000011,2014,TEMP,18.04213056,DegreeC
14390,Pequabuck River,41.6742,-72.9619,105000011,2013,TEMP,18.23828578,DegreeC
16046,Chidsey Brook,41.7848,-72.8624,105001297,2006,FISH,34.50704225,FishPer100M
16046,Chidsey Brook,41.7848,-72.8624,105001297,2010,FISH,182.6666667,FishPer100M
16046,Chidsey Brook,41.7848,-72.8624,105001297,2015,FISH,101.25,FishPer100M
16047,Chidsey Brook,41.7823,-72.8601,105001297,2006,FISH,164.6258503,FishPer100M
16048,Chidsey Brook,41.7755,-72.8583,105001297,2006,FISH,195,FishPer100M
16385,Beaver Brook,41.932,-72.9754,105000580,2010,FISH,25,FishPer100M
16385,Beaver Brook,41.932,-72.9754,105000580,2012,FISH,82,FishPer100M
16385,Beaver Brook,41.932,-72.9754,105000580,2008,FISH,14,FishPer100M
16385,Beaver Brook,41.932,-72.9754,105000580,1988,FISH,44,FishPer100M
15991,Stratton Brook,41.8595,-72.8481,105000299,1988,FISH,28,FishPer100M
15991,Stratton Brook,41.8595,-72.8481,105000299,2006,FISH,12.83783784,FishPer100M
15991,Stratton Brook,41.8595,-72.8481,105000299,2012,FISH,45,FishPer100M
15991,Stratton Brook,41.8595,-72.8481,105000299,2015,FISH,78.57142857,FishPer100M
16117,Roaring Brook,41.9454,-72.9475,105001898,2007,FISH,23.07692308,FishPer100M
16117,Roaring Brook,41.9454,-72.9475,105001898,1988,FISH,128,FishPer100M
16377,Cherry Brook,41.908,-72.8996,105000506,1988,FISH,207,FishPer100M
16377,Cherry Brook,41.908,-72.8996,105000506,2008,FISH,11.11111111,FishPer100M
16377,Cherry Brook,41.908,-72.8996,105000506,2012,FISH,30.55555556,FishPer100M
15216,Thompson Brook,41.7744,-72.8389,105001257,2013,TEMP,17.96418886,DegreeC
17115,THOMPSON BROOK,41.7725,-72.8361,105001257,1988,FISH,48.66666667,FishPer100M
16758,HOWELL'S BROOK,42.0078,-73.0042,105002178,1988,FISH,42.24137931,FishPer100M
16758,HOWELL'S BROOK,42.0078,-73.0042,105002178,2012,FISH,60,FishPer100M
16758,HOWELL'S BROOK,42.0078,-73.0042,105002178,2015,FISH,39.13043478,FishPer100M
16489,BEACH BROOK,41.9461,-72.8528,105000638,1988,FISH,171,FishPer100M
17271,Cherry Brook,41.8733,-72.9063,105000341,2015,FISH,13,FishPer100M
16366,Beach Brook,41.9831,-73.0167,105002070,2008,FISH,10,FishPer100M
16906,"West Branch Salmon Brook, Unnamed tributary to",41.9547,-72.8819,105001960,2014,FISH,47.16981132,FishPer100M
16114,Rugg Brook,41.9328,-73.1214,105001823,2013,FISH,18.24324324,FishPer100M
16114,Rugg Brook,41.9328,-73.1214,105001823,2016,FISH,12,FishPer100M
16114,Rugg Brook,41.9328,-73.1214,105001823,2013,TEMP,17.722649,DegreeC
16114,Rugg Brook,41.9328,-73.1214,105001823,2011,FISH,26.66666667,FishPer100M
16114,Rugg Brook,41.9328,-73.1214,105001823,2007,FISH,42.4,FishPer100M
16114,Rugg Brook,41.9328,-73.1214,105001823,1988,FISH,164,FishPer100M
16114,Rugg Brook,41.9328,-73.1214,105001823,2014,TEMP,16.65357246,DegreeC
16114,Rugg Brook,41.9328,-73.1214,105001823,2015,TEMP,17.36770845,DegreeC
16114,Rugg Brook,41.9328,-73.1214,105001823,2011,TEMP,17.84442395,DegreeC
17088,STORE HOUSE BROOK,41.9128,-72.9461,105000520,2016,FISH,70.90909091,FishPer100M
17088,STORE HOUSE BROOK,41.9128,-72.9461,105000520,1988,FISH,118,FishPer100M
17088,STORE HOUSE BROOK,41.9128,-72.9461,105000520,2012,FISH,48,FishPer100M
14840,Mountain Brook,41.9741,-72.8375,105000748,2002,FISH,17.85714286,FishPer100M
14840,Mountain Brook,41.9741,-72.8375,105000748,2017,FISH,20.90909091,FishPer100M
16381,Colebrook Brook,41.9429,-73.0909,105001860,2008,FISH,21,FishPer100M
16381,Colebrook Brook,41.9429,-73.0909,105001860,2014,FISH,38.35616438,FishPer100M
16582,COLEBROOK BROOK,41.9472,-73.0956,105001860,1988,FISH,70,FishPer100M
15571,Cherry Brook,41.8365,-72.9295,105001405,2009,TEMP,17.36923868,DegreeC
15700,Nepaug River,41.8472,-73.034,105000265,1988,FISH,34,FishPer100M
15700,Nepaug River,41.8472,-73.034,105000265,2005,FISH,11.00917431,FishPer100M
16080,West Branch Salmon Brook,41.9745,-72.896,105000769,2012,FISH,49.09090909,FishPer100M
16080,West Branch Salmon Brook,41.9745,-72.896,105000769,2007,FISH,18.66666667,FishPer100M
16080,West Branch Salmon Brook,41.9745,-72.896,105000769,2017,FISH,10.32608696,FishPer100M
16080,West Branch Salmon Brook,41.9745,-72.896,105000769,2015,TEMP,17.85712627,DegreeC
16080,West Branch Salmon Brook,41.9745,-72.896,105000769,2014,TEMP,17.14022554,DegreeC
15240,Hubbard Brook,42.0356,-72.9384,105002248,2014,TEMP,17.7897817,DegreeC
15240,Hubbard Brook,42.0356,-72.9384,105002248,2015,TEMP,17.97599019,DegreeC
15240,Hubbard Brook,42.0356,-72.9384,105002248,2004,FISH,22.04724409,FishPer100M
15240,Hubbard Brook,42.0356,-72.9384,105002248,2011,FISH,22.66666667,FishPer100M
15240,Hubbard Brook,42.0356,-72.9384,105002248,2014,FISH,14.34782609,FishPer100M
15240,Hubbard Brook,42.0356,-72.9384,105002248,2011,TEMP,17.92198766,DegreeC
15240,Hubbard Brook,42.0356,-72.9384,105002248,2017,TEMP,17.59004689,DegreeC
15240,Hubbard Brook,42.0356,-72.9384,105002248,1988,FISH,37.33333333,FishPer100M
16383,North Brook,41.8465,-73.0137,105000253,2012,FISH,24.44444444,FishPer100M
16383,North Brook,41.8465,-73.0137,105000253,2008,FISH,20,FishPer100M
14504,Hop Brook,41.8736,-72.8226,105001549,2012,FISH,13.33333333,FishPer100M
16902,NO NAME,41.9769,-73.0461,105002035,1988,FISH,207,FishPer100M
15104,Stratton Brook,41.8686,-72.8244,105000337,2008,FISH,14.17910448,FishPer100M
14435,Salmon Brook,41.9366,-72.7749,105001845,2004,FISH,25.37313433,FishPer100M
16373,East Mountain Brook,41.8772,-72.9778,105001580,2008,FISH,42.96296296,FishPer100M
16373,East Mountain Brook,41.8772,-72.9778,105001580,2012,FISH,205,FishPer100M
15516,Valley Brook,42.0315,-72.9318,105002250,2006,FISH,77.33333333,FishPer100M
15516,Valley Brook,42.0315,-72.9318,105002250,1988,FISH,153.3333333,FishPer100M
15516,Valley Brook,42.0315,-72.9318,105002250,2004,FISH,77.39726027,FishPer100M
15516,Valley Brook,42.0315,-72.9318,105002250,2005,FISH,160.8695652,FishPer100M
15516,Valley Brook,42.0315,-72.9318,105002250,2007,FISH,122.1374046,FishPer100M
15516,Valley Brook,42.0315,-72.9318,105002250,2009,FISH,176.0869565,FishPer100M
15516,Valley Brook,42.0315,-72.9318,105002250,2011,FISH,42.66666667,FishPer100M
15516,Valley Brook,42.0315,-72.9318,105002250,2012,FISH,130,FishPer100M
15516,Valley Brook,42.0315,-72.9318,105002250,2014,FISH,121.5827338,FishPer100M
15516,Valley Brook,42.0315,-72.9318,105002250,2015,FISH,97.24770642,FishPer100M
15516,Valley Brook,42.0315,-72.9318,105002250,2017,FISH,36.95652174,FishPer100M
15516,Valley Brook,42.0315,-72.9318,105002250,2006,TEMP,17.06597199,DegreeC
15516,Valley Brook,42.0315,-72.9318,105002250,2008,FISH,58.69565217,FishPer100M
17338,Hop Brook,41.8686,-72.8061,105001540,2009,TEMP,18.21729438,DegreeC
16899,NEPAUG RIVER,41.8256,-72.973,105001389,1988,FISH,18.66666667,FishPer100M
17014,RUBY BROOK,41.9239,-72.2539,107002965,2017,FISH,18.75,FishPer100M
17050,SIBLEY BROOK,41.91,-72.12,107002841,1994,FISH,14,FishPer100M
16548,BUTTONBALL BROOK,41.7694,-72.1275,107001328,1994,FISH,17,FishPer100M
16548,BUTTONBALL BROOK,41.7694,-72.1275,107001328,2016,FISH,14,FishPer100M
14152,Clarke Brook,41.8447,-72.3248,107002097,2007,FISH,56,FishPer100M
14152,Clarke Brook,41.8447,-72.3248,107002097,2007,TEMP,17.98341249,DegreeC
16659,"FENTON RIVER,Tributary to",41.807,-72.2019,107001659,1994,FISH,48,FishPer100M
17042,"Shetucket River, tributary to",41.6503,-72.113,107000399,1993,FISH,60,FishPer100M
15306,Eagleville Brook,41.7932,-72.2756,107001541,2004,FISH,32.75862069,FishPer100M
15306,Eagleville Brook,41.7932,-72.2756,107001541,2010,FISH,14,FishPer100M
16876,Mountain Brook,41.6258,-72.1383,107000280,1993,FISH,40,FishPer100M
16683,FURNACE BROOK TRIB.,41.9767,-72.2944,107003425,1994,FISH,12,FishPer100M
16106,Branch Brook,41.9108,-72.1245,107002850,2007,FISH,17.39130435,FishPer100M
16288,Branch Brook,41.9199,-72.1256,107002850,2007,FISH,34.92822967,FishPer100M
16288,Branch Brook,41.9199,-72.1256,107002850,2014,TEMP,18.03018433,DegreeC
17080,STONEHOUSE BROOK,41.8008,-72.1428,107001641,1994,FISH,164.5454545,FishPer100M
17800,Newcomb Brook,41.85099,-72.31538,107002166,2007,FISH,44.82758621,FishPer100M
17169,Waldo Brook,41.6547,-72.0986,107000428,2014,FISH,33.01886792,FishPer100M
17169,Waldo Brook,41.6547,-72.0986,107000428,1993,FISH,114.4444444,FishPer100M
17403,Potash Brook,42.0189,-72.2593,107003686,2014,FISH,16,FishPer100M
16109,Gardner Brook,41.8642,-72.1598,107002343,2007,FISH,98.03921569,FishPer100M
17340,Alden Brook,41.9954,-72.2834,107003577,2008,FISH,22,FishPer100M
17340,Alden Brook,41.9954,-72.2834,107003577,2008,TEMP,17.09387387,DegreeC
17813,BOSWORTH BROOK,41.91601,-72.05523,107002874,2006,FISH,16.36363636,FishPer100M
16735,HERRIDEAN BROOK,41.9839,-72.1019,107003495,1994,FISH,10,FishPer100M
16836,Merrick Brook,41.6792,-72.11,107000579,1993,FISH,94,FishPer100M
16836,Merrick Brook,41.6792,-72.11,107000579,2014,FISH,19,FishPer100M
16836,Merrick Brook,41.6792,-72.11,107000579,2011,FISH,14.73684211,FishPer100M
16836,Merrick Brook,41.6792,-72.11,107000579,2012,FISH,24,FishPer100M
16689,GIFFORDS BROOK,41.692,-72.2979,107000618,1994,FISH,12.76595745,FishPer100M
14584,Roaring Brook,41.904,-72.2891,107002764,2009,TEMP,18.05890391,DegreeC
14584,Roaring Brook,41.904,-72.2891,107002764,2014,TEMP,17.85133288,DegreeC
14584,Roaring Brook,41.904,-72.2891,107002764,2004,TEMP,18.16980705,DegreeC
14141,Bonemill Brook,41.9249,-72.3162,107002960,1994,FISH,259,FishPer100M
15520,Bonemill Brook,41.925,-72.3162,107002960,2018,TEMP,16.72321154,DegreeC
15520,Bonemill Brook,41.925,-72.3162,107002960,2013,TEMP,16.37427582,DegreeC
15520,Bonemill Brook,41.925,-72.3162,107002960,2004,TEMP,15.01246914,DegreeC
15520,Bonemill Brook,41.925,-72.3162,107002960,2017,TEMP,16.14858062,DegreeC
15520,Bonemill Brook,41.925,-72.3162,107002960,2010,TEMP,16.23962104,DegreeC
15520,Bonemill Brook,41.925,-72.3162,107002960,2015,TEMP,15.3995471,DegreeC
15520,Bonemill Brook,41.925,-72.3162,107002960,2016,TEMP,16.26947781,DegreeC
15520,Bonemill Brook,41.925,-72.3162,107002960,2004,FISH,123.8095238,FishPer100M
15520,Bonemill Brook,41.925,-72.3162,107002960,2010,FISH,78.66666667,FishPer100M
15520,Bonemill Brook,41.925,-72.3162,107002960,2014,FISH,75,FishPer100M
15520,Bonemill Brook,41.925,-72.3162,107002960,2014,TEMP,15.03888496,DegreeC
15990,Spice Brook,41.8459,-72.3865,107002132,2006,FISH,10.90909091,FishPer100M
15990,Spice Brook,41.8459,-72.3865,107002132,2014,FISH,21.77700348,FishPer100M
16705,GREEN BROOK,41.86,-72.3114,107002297,1994,FISH,14,FishPer100M
16809,Little River,41.7111,-72.0553,107000807,2016,FISH,14,FishPer100M
16947,Peck Brook,41.6769,-72.0492,107000552,1993,FISH,69.09090909,FishPer100M
16697,GOODWIN BROOK,41.8225,-72.0978,107001896,1994,FISH,127.7777778,FishPer100M
16697,GOODWIN BROOK,41.8225,-72.0978,107001896,2013,FISH,41.81818182,FishPer100M
16697,GOODWIN BROOK,41.8225,-72.0978,107001896,2018,FISH,29.56521739,FishPer100M
17814,BRADFORD BROOK,41.9366,-72.0592,107003090,2016,TEMP,16.89590716,DegreeC
14592,Fenton River,41.7925,-72.21,107001546,2010,FISH,14.66666667,FishPer100M
16300,Hop River,41.7712,-72.4089,107001334,1994,FISH,18.66666667,FishPer100M
15551,Roaring Brook,41.9353,-72.2613,107003011,1994,FISH,14.66666667,FishPer100M
16108,Knowlton Brook,41.8492,-72.1783,107002179,2007,FISH,16.15384615,FishPer100M
16108,Knowlton Brook,41.8492,-72.1783,107002179,1994,FISH,14,FishPer100M
16794,LABONTE BROOK,41.8942,-72.3014,107002671,1994,FISH,96,FishPer100M
17809,Ames Brook,41.75475,-72.12766,107001152,2007,FISH,38.46153846,FishPer100M
14602,Merrick Brook,41.661,-72.1101,107000473,2014,TEMP,17.87088043,DegreeC
14602,Merrick Brook,41.661,-72.1101,107000473,2004,FISH,18.63636364,FishPer100M
16928,Obwebetuck Brook,41.6911,-72.1806,107000647,1993,FISH,58,FishPer100M
16469,ABORN BROOK,41.9308,-72.3675,107003032,1994,FISH,158,FishPer100M
16508,"BIGELOW BROOK, TRIBUTARY TO",41.9172,-72.1369,107002906,1994,FISH,14,FishPer100M
15007,Sawmill Brook,41.7398,-72.2017,107001013,2014,FISH,40,FishPer100M
15007,Sawmill Brook,41.7398,-72.2017,107001013,2003,FISH,101.2738854,FishPer100M
15007,Sawmill Brook,41.7398,-72.2017,107001013,1994,FISH,74,FishPer100M
15304,Eagleville Brook,41.7938,-72.2752,107001600,2014,TEMP,17.85423505,DegreeC
15304,Eagleville Brook,41.7938,-72.2752,107001600,2017,TEMP,17.84181793,DegreeC
15304,Eagleville Brook,41.7938,-72.2752,107001600,2014,FISH,10.67961165,FishPer100M
16579,cold brook,41.6658,-72.1467,107000474,1993,FISH,196,FishPer100M
16544,BUSH MEADOW BROOK,41.9747,-72.1486,107003413,1994,FISH,13,FishPer100M
15710,Little River,41.6916,-72.0489,107000639,2005,FISH,13.38028169,FishPer100M
17112,"TENMILE RIVER, tributary to",41.6978,-72.2372,107000717,1994,FISH,128,FishPer100M
15210,Beaver Brook,41.6841,-72.1092,107000598,2004,FISH,33.75,FishPer100M
15210,Beaver Brook,41.6841,-72.1092,107000598,2008,FISH,11,FishPer100M
16549,Byron Brook,41.6067,-72.0611,107000213,1993,FISH,22,FishPer100M
16541,BURNAP BROOK,41.7445,-72.3992,107001077,1994,FISH,14,FishPer100M
17462,burnap brook,41.7486,-72.3923,107001077,2009,TEMP,18.23626353,DegreeC
17462,burnap brook,41.7486,-72.3923,107001077,2006,FISH,10.71428571,FishPer100M
16618,EAST BRANCH MOUNT HOPE RIVER,41.8936,-72.1614,107002644,1994,FISH,11,FishPer100M
17835,East Branch Stonehouse Brook,41.82351,-72.12563,107001810,2007,FISH,50,FishPer100M
15558,Roaring Brook,41.9152,-72.2656,107002881,2004,FISH,10.52631579,FishPer100M
17823,HAVEN'S LEDGE BROOK,41.8797,-72.0765,107002542,2008,FISH,20,FishPer100M
17296,Little River,41.7433,-72.0527,107001049,2008,FISH,16.66666667,FishPer100M
16712,GULF BROOK,41.9806,-72.1408,107003467,1994,FISH,120,FishPer100M
16601,CURTIS BROOK,41.8878,-72.2333,107002619,1994,FISH,40,FishPer100M
16932,Old Stone Mill Brook,41.62,-72.0383,107000289,1993,FISH,33,FishPer100M
16932,Old Stone Mill Brook,41.62,-72.0383,107000289,2010,FISH,31.06060606,FishPer100M
17362,Ellis Brook,41.9897,-72.3638,107003529,2014,FISH,32,FishPer100M
17069,STILES BROOK,41.912,-72.2319,107002846,1994,FISH,139.6226415,FishPer100M
16529,BRANDY BROOK,41.9431,-72.2614,107003133,1994,FISH,70,FishPer100M
14866,Stickney Hill Brook,41.9833,-72.2179,107003475,2014,TEMP,18.25828986,DegreeC
14866,Stickney Hill Brook,41.9833,-72.2179,107003475,1994,FISH,28,FishPer100M
14866,Stickney Hill Brook,41.9833,-72.2179,107003475,2002,FISH,50.66666667,FishPer100M
16484,Ballymahack Brook,41.7144,-72.1444,107000823,1993,FISH,184.9056604,FishPer100M
16584,CONANT BROOK,41.8734,-72.2904,107002437,1994,FISH,15,FishPer100M
15783,Eagleville Brook,41.7882,-72.2776,107001502,2010,FISH,16.1971831,FishPer100M
15783,Eagleville Brook,41.7882,-72.2776,107001502,2014,TEMP,17.38851223,DegreeC
15783,Eagleville Brook,41.7882,-72.2776,107001502,2017,TEMP,17.77933243,DegreeC
15783,Eagleville Brook,41.7882,-72.2776,107001502,2015,TEMP,18.05634149,DegreeC
15783,Eagleville Brook,41.7882,-72.2776,107001502,2012,FISH,66.66666667,FishPer100M
15783,Eagleville Brook,41.7882,-72.2776,107001502,2014,FISH,13,FishPer100M
15783,Eagleville Brook,41.7882,-72.2776,107001502,2007,FISH,21.53846154,FishPer100M
16416,Delphi Brook,42.0211,-72.2517,107003685,2014,FISH,47.12535344,FishPer100M
16416,Delphi Brook,42.0211,-72.2517,107003685,2009,TEMP,16.18002627,DegreeC
16416,Delphi Brook,42.0211,-72.2517,107003685,2009,FISH,21.21212121,FishPer100M
16416,Delphi Brook,42.0211,-72.2517,107003685,1994,FISH,32.66666667,FishPer100M
17081,STONEHOUSE BROOK,41.7764,-72.1489,107001353,1994,FISH,18.30065359,FishPer100M
17064,SQUAW HOLLOW BROOK,41.8534,-72.1793,107002225,1994,FISH,56,FishPer100M
15711,Little River,41.7561,-72.0473,107001168,1993,FISH,12.66666667,FishPer100M
15711,Little River,41.7561,-72.0473,107001168,2005,FISH,23.07692308,FishPer100M
15711,Little River,41.7561,-72.0473,107001168,2014,FISH,18.51851852,FishPer100M
16574,CLOUGH BROOK,41.8764,-72.3664,107002427,1994,FISH,42,FishPer100M
17829,NORTH LEADMINE BROOK,41.95822,-72.16402,107003250,2006,FISH,14,FishPer100M
17830,NORTH LEADMINE BROOK,41.95822,-72.16402,107003250,2006,FISH,10,FishPer100M
17816,INDIAN HUT BROOK,41.90276,-72.06398,107002745,2015,TEMP,17.5094214,DegreeC
17816,INDIAN HUT BROOK,41.90276,-72.06398,107002745,2015,FISH,19,FishPer100M
17816,INDIAN HUT BROOK,41.90276,-72.06398,107002745,2014,TEMP,16.92506159,DegreeC
16641,ELLIS BROOK,41.9836,-72.3633,107003461,1994,FISH,35,FishPer100M
17044,"Shetucket River, tributary to",41.585,-72.0481,107000158,1993,FISH,138,FishPer100M
16658,"FENTON RIVER,Tributary to",41.8031,-72.2275,107001630,1994,FISH,28,FishPer100M
16015,Murphy Brook,41.7828,-72.0398,107001450,2014,FISH,10.76923077,FishPer100M
17360,Diamond Ledge Brook,41.9713,-72.3539,107003365,2014,FISH,56,FishPer100M
14863,Rocky Brook,42.0134,-71.802,109001866,1994,FISH,84,FishPer100M
14863,Rocky Brook,42.0134,-71.802,109001866,2013,FISH,44.85981308,FishPer100M
14863,Rocky Brook,42.0134,-71.802,109001866,2002,FISH,21.65605096,FishPer100M
14999,North Running Brook,41.9645,-71.9657,109002217,2003,FISH,15.33333333,FishPer100M
16217,Peckham Brook,41.9747,-71.965,109002130,2014,FISH,114.6919431,FishPer100M
17854,"MASHENTUCK BrooK, tributary to",41.8256,-71.83645,109002922,2010,FISH,80,FishPer100M
16522,Bliven Brook,41.5733,-71.8244,109004077,1993,FISH,32,FishPer100M
17847,"Fivemile River, Tributary To",41.8872,-71.8602,109002596,2007,FISH,32,FishPer100M
16598,CROOKED BROOK,41.6978,-71.8097,109003465,1994,FISH,26,FishPer100M
16853,Miller Brook,41.5139,-71.9225,109004313,1993,FISH,18,FishPer100M
17028,SAP TREE RUN,41.86,-71.9733,109002734,2014,FISH,96,FishPer100M
17028,SAP TREE RUN,41.86,-71.9733,109002734,1994,FISH,62,FishPer100M
17026,SANDY BROOK,41.8089,-71.9897,109002973,1994,FISH,16,FishPer100M
17026,SANDY BROOK,41.8089,-71.9897,109002973,2014,FISH,40,FishPer100M
16819,Lowden Brook,41.602805,-71.865569,109003924,2014,FISH,63.55140187,FishPer100M
16819,Lowden Brook,41.602805,-71.865569,109003924,2011,FISH,105.7971014,FishPer100M
16819,Lowden Brook,41.602805,-71.865569,109003924,1993,FISH,118,FishPer100M
16699,GRAVELLY BROOK,41.9839,-71.9939,109002107,2014,TEMP,17.08287908,DegreeC
16699,GRAVELLY BROOK,41.9839,-71.9939,109002107,1994,FISH,68,FishPer100M
17092,Sugar Brook,41.7144,-71.9381,109003382,1993,FISH,154,FishPer100M
17092,Sugar Brook,41.7144,-71.9381,109003382,2015,FISH,42,FishPer100M
17852,Shady Oak School House Brook,41.89866,-71.80928,109002552,2015,TEMP,17.23930842,DegreeC
17852,Shady Oak School House Brook,41.89866,-71.80928,109002552,2014,FISH,25.49019608,FishPer100M
17852,Shady Oak School House Brook,41.89866,-71.80928,109002552,2014,TEMP,16.91633379,DegreeC
17845,BARLEY BrooK,41.8849,-71.8295,109002590,2007,FISH,20,FishPer100M
16302,Slater Brook,41.8301,-71.8352,109002861,2008,FISH,19.33333333,FishPer100M
16475,Ashwillet Brook,41.5111,-71.8914,109004318,1993,FISH,36,FishPer100M
16533,"BROWNS BROOK, Tributary to",42.0081,-72.1733,109002005,1994,FISH,74,FishPer100M
17188,WHETSTONE BROOK,41.8347,-71.8544,109002830,1994,FISH,17.33333333,FishPer100M
16565,CEMETERY BROOK,41.8797,-72.0222,109002622,1994,FISH,300,FishPer100M
16609,Denison Brook,41.5486,-71.8422,109004188,1993,FISH,183,FishPer100M
16609,Denison Brook,41.5486,-71.8422,109004188,2010,FISH,94.64285714,FishPer100M
16944,PEAKE BROOK,41.9303,-71.9433,109002368,1994,FISH,15.17857143,FishPer100M
14593,Whetstone Brook,41.831633,-71.878097,109002854,2010,FISH,28.15533981,FishPer100M
16831,MAY BROOK,42.0269,-72.1789,109001753,1994,FISH,144,FishPer100M
15003,Wappoquia Brook,41.8751,-71.9658,109002696,1994,FISH,18,FishPer100M
15003,Wappoquia Brook,41.8751,-71.9658,109002696,2014,TEMP,17.8464923,DegreeC
15003,Wappoquia Brook,41.8751,-71.9658,109002696,2014,FISH,14.86697966,FishPer100M
17595,Wappoquia Brook,41.866162,-71.95802,109002696,2014,TEMP,17.60358741,DegreeC
16679,Fry Brook,41.6831,-71.9058,109003611,1993,FISH,28,FishPer100M
16562,CEDAR SWAMP BROOK,41.6967,-71.8228,109003614,1994,FISH,41.79104478,FishPer100M
14294,Mill Brook,41.6643,-71.9198,109003673,2014,FISH,13,FishPer100M
16852,Miller Brook,41.5292,-71.9328,109004261,1993,FISH,22.22222222,FishPer100M
16793,Koistenen Brook,41.5172,-71.8347,109004317,2011,FISH,50,FishPer100M
14597,Myron Kinney  Brook,41.5533,-71.8619,109004142,2004,FISH,11.30434783,FishPer100M
14597,Myron Kinney  Brook,41.5533,-71.8619,109004142,2010,FISH,14.94252874,FishPer100M
16581,COLD SPRING BROOK,41.7589,-71.9442,109003158,1994,FISH,10,FishPer100M
16511,Billings Brook,41.5242,-71.8808,109004294,1993,FISH,22,FishPer100M
14741,Titicus River,41.3287,-73.5218,101000729,2016,FISH,99.01960784,FishPer100M
14741,Titicus River,41.3287,-73.5218,101000729,2011,FISH,17.1875,FishPer100M
16688,GEROW BROOK,41.4953,-73.5303,101000304,1991,FISH,225,FishPer100M
16688,GEROW BROOK,41.4953,-73.5303,101000304,2011,FISH,35.71428571,FishPer100M
17132,"PUTNAM LAKE, tributary to",41.4747,-73.5286,101000417,1991,FISH,34,FishPer100M
17166,WACCABUC RIVER,41.3,-73.5456,101000848,1990,FISH,86,FishPer100M
14740,Quaker Brook,41.512349,-73.52695,101000269,2016,FISH,12,FishPer100M
14740,Quaker Brook,41.512349,-73.52695,101000269,2013,FISH,40.78212291,FishPer100M
14740,Quaker Brook,41.512349,-73.52695,101000269,2011,FISH,36.60714286,FishPer100M
14740,Quaker Brook,41.512349,-73.52695,101000269,1991,FISH,114.6666667,FishPer100M
15364,West Branch Saugatuck River,41.1718,-73.3643,102001377,2008,TEMP,17.43189493,DegreeC
16731,HAWLEYS BROOK,41.2458,-73.3439,102002257,2012,FISH,27.55905512,FishPer100M
16731,HAWLEYS BROOK,41.2458,-73.3439,102002257,1990,FISH,195,FishPer100M
16994,RACE BROOK,41.3058,-73.0139,104001706,2012,FISH,26,FishPer100M
16994,RACE BROOK,41.3058,-73.0139,104001706,1990,FISH,62,FishPer100M
15193,Honeypot Brook,41.5396,-72.8789,104000258,2007,FISH,33.88429752,FishPer100M
15193,Honeypot Brook,41.5396,-72.8789,104000258,2013,FISH,28,FishPer100M
15193,Honeypot Brook,41.5396,-72.8789,104000258,2010,FISH,13,FishPer100M
16132,Meetinghouse Brook,41.4941,-72.8096,104000289,2007,FISH,11,FishPer100M
16634,EATON BROOK,41.4222,-72.9206,104000872,1990,FISH,42,FishPer100M
15986,Sanford Brook,41.4723,-72.9364,104000349,2006,FISH,30,FishPer100M
15066,Patton Brook,41.6462,-72.8601,104000050,1995,FISH,46,FishPer100M
15200,Spruce Glen Brook,41.4978,-72.8007,104000271,2013,FISH,75,FishPer100M
16372,Dowd Hollow Brook,41.3618,-72.6595,104001082,2008,FISH,15.2,FishPer100M
16913,"Chatfield Hollow Brook, tributary to",41.335825,-72.592364,104001247,1990,FISH,72,FishPer100M
16913,"Chatfield Hollow Brook, tributary to",41.335825,-72.592364,104001247,2010,FISH,32,FishPer100M
15274,Sargent River,41.384,-72.988,104000783,1990,FISH,76,FishPer100M
16530,BROAD BROOK,41.4853,-72.8711,104000294,1990,FISH,101.6666667,FishPer100M
17027,SANFORD BROOK,41.432,-72.9747,104000884,1990,FISH,69.33333333,FishPer100M
16875,MOUNTAIN BROOK,41.5214,-72.9419,104000235,1990,FISH,18,FishPer100M
16135,Sargent River,41.4272,-72.9899,104000529,2013,FISH,116.3934426,FishPer100M
16135,Sargent River,41.4272,-72.9899,104000529,2018,FISH,65,FishPer100M
17065,STANNARD POND OUTFLOW,41.4183,-72.6553,104000886,1990,FISH,10,FishPer100M
16909,NO NAME,41.4075,-72.6042,104000550,1990,FISH,16,FishPer100M
16528,BRANCH BROOK,41.395779,-72.72126,104000640,1990,FISH,101,FishPer100M
16528,BRANCH BROOK,41.395779,-72.72126,104000640,2013,FISH,101,FishPer100M
14605,Eightmile River,41.5908,-72.9009,104000093,2012,FISH,12.5,FishPer100M
15855,Willow Brook (Hamden)-01,41.4472,-72.9083,104000410,1990,FISH,17.33333333,FishPer100M
16597,CROOKED BROOK,41.3717,-72.7656,104000836,1990,FISH,95,FishPer100M
16992,QUINNIPIAC RIVER,41.5283,-72.8467,104000231,2014,FISH,33.33333333,FishPer100M
16348,Dowd Hollow Brook,41.3508,-72.6611,104001196,2010,FISH,20.37037037,FishPer100M
15013,Mill River,41.4259,-72.9056,104000503,2007,FISH,17.76315789,FishPer100M
15013,Mill River,41.4259,-72.9056,104000503,2009,TEMP,15.61770206,DegreeC
16138,Wepawaug River,41.3297,-73.0296,104001314,2007,FISH,25.74257426,FishPer100M
15594,Barrows Brook,41.8402,-72.4365,106003491,2015,FISH,39,FishPer100M
15046,Charters Brook,41.9062,-72.4035,106003718,2008,FISH,33.6,FishPer100M
15046,Charters Brook,41.9062,-72.4035,106003718,2012,FISH,168,FishPer100M
15046,Charters Brook,41.9062,-72.4035,106003718,2017,FISH,126.1261261,FishPer100M
15406,Little Brook,41.6424,-72.7207,106002759,2007,FISH,18.66666667,FishPer100M
15406,Little Brook,41.6424,-72.7207,106002759,2017,FISH,41.17647059,FishPer100M
15408,Little Brook,41.6497,-72.714,106002759,2011,FISH,61.19402985,FishPer100M
15409,Little Brook,41.6524,-72.7092,106002759,2007,FISH,69.33333333,FishPer100M
14470,Tankerhoosen River,41.8272,-72.464,106003411,2011,FISH,10.13513514,FishPer100M
14470,Tankerhoosen River,41.8272,-72.464,106003411,2015,TEMP,17.67286957,DegreeC
14470,Tankerhoosen River,41.8272,-72.464,106003411,2014,TEMP,17.50786232,DegreeC
14470,Tankerhoosen River,41.8272,-72.464,106003411,2017,TEMP,18.00540399,DegreeC
14470,Tankerhoosen River,41.8272,-72.464,106003411,2013,TEMP,18.27687862,DegreeC
14551,Coginchaug River,41.4435,-72.6882,106001172,2017,FISH,16,FishPer100M
14551,Coginchaug River,41.4435,-72.6882,106001172,2012,FISH,87.5,FishPer100M
15014,Clark Creek,41.4425,-72.4735,106001191,1989,FISH,58,FishPer100M
15014,Clark Creek,41.4425,-72.4735,106001191,2012,FISH,24.28571429,FishPer100M
14478,"Lyman Brook, Unnamed tributary to",41.6267,-72.4532,106002718,2014,FISH,32,FishPer100M
14478,"Lyman Brook, Unnamed tributary to",41.6267,-72.4532,106002718,2013,FISH,45,FishPer100M
14478,"Lyman Brook, Unnamed tributary to",41.6267,-72.4532,106002718,2011,FISH,11.17647059,FishPer100M
16512,BIRCH MOUNTAIN BROOK,41.7619,-72.5028,106003167,2011,FISH,10,FishPer100M
16967,PINE BROOK,41.5736,-72.3958,106002250,2012,FISH,13.46153846,FishPer100M
15220,Broad Brook,41.9164,-72.4883,106003785,1989,FISH,32.66666667,FishPer100M
16331,Sumner Brook,41.4835,-72.6375,106001514,2012,FISH,18.75,FishPer100M
14438,Salmon Brook,41.7211,-72.5559,106003029,2012,FISH,53.33333333,FishPer100M
14438,Salmon Brook,41.7211,-72.5559,106003029,1989,FISH,141.3333333,FishPer100M
16306,Carr Brook,41.6061,-72.5619,106002590,1989,FISH,27,FishPer100M
16306,Carr Brook,41.6061,-72.5619,106002590,2008,FISH,22.4,FishPer100M
16535,BUCK BROOK,41.6228,-72.558,106002686,1989,FISH,96,FishPer100M
16535,BUCK BROOK,41.6228,-72.558,106002686,2007,FISH,59.22330097,FishPer100M
16535,BUCK BROOK,41.6228,-72.558,106002686,2012,FISH,61,FishPer100M
16506,BIGELOW BROOK,41.5489,-72.4467,106002255,1989,FISH,40,FishPer100M
16121,Flat Brook,41.5544,-72.4523,106002283,2015,TEMP,17.50876739,DegreeC
16121,Flat Brook,41.5544,-72.4523,106002283,1989,FISH,11.33333333,FishPer100M
16121,Flat Brook,41.5544,-72.4523,106002283,2013,TEMP,18.2105317,DegreeC
16121,Flat Brook,41.5544,-72.4523,106002283,2014,TEMP,16.51589402,DegreeC
14538,Hans Brook,41.5249,-72.7031,106002100,2011,FISH,82,FishPer100M
14538,Hans Brook,41.5249,-72.7031,106002100,1993,FISH,13.33333333,FishPer100M
14857,Beaver Meadow Brook,41.4432,-72.5454,106001206,1989,FISH,100,FishPer100M
14857,Beaver Meadow Brook,41.4432,-72.5454,106001206,2002,FISH,98.66666667,FishPer100M
14857,Beaver Meadow Brook,41.4432,-72.5454,106001206,2011,FISH,23.91304348,FishPer100M
16271,Gulf Stream,41.9816,-72.4285,106004047,2011,FISH,177.3333333,FishPer100M
16271,Gulf Stream,41.9816,-72.4285,106004047,2010,FISH,172,FishPer100M
16271,Gulf Stream,41.9816,-72.4285,106004047,2015,TEMP,17.28885326,DegreeC
16271,Gulf Stream,41.9816,-72.4285,106004047,2011,TEMP,17.57068645,DegreeC
16271,Gulf Stream,41.9816,-72.4285,106004047,2014,TEMP,16.69582609,DegreeC
16271,Gulf Stream,41.9816,-72.4285,106004047,2013,TEMP,17.58043659,DegreeC
16271,Gulf Stream,41.9816,-72.4285,106004047,2007,FISH,98.33333333,FishPer100M
15325,Terry Brook,41.9889,-72.5119,106004059,2015,FISH,12,FishPer100M
15501,Cedar Pond Brook,41.4119,-72.3128,106000952,2007,FISH,11.57894737,FishPer100M
14858,Flat Brook,41.6801,-72.4673,106002914,2002,FISH,118.6666667,FishPer100M
15316,Gages Brook,41.8571,-72.4248,106003576,2011,FISH,22,FishPer100M
15316,Gages Brook,41.8571,-72.4248,106003576,1989,FISH,23.07692308,FishPer100M
16761,"Hubbard Brook, Unnamed tributary to",41.522465,-72.569018,106002078,2012,FISH,50.66666667,FishPer100M
16761,"Hubbard Brook, Unnamed tributary to",41.522465,-72.569018,106002078,2017,FISH,40,FishPer100M
16761,"Hubbard Brook, Unnamed tributary to",41.522465,-72.569018,106002078,2013,FISH,65,FishPer100M
16761,"Hubbard Brook, Unnamed tributary to",41.522465,-72.569018,106002078,1989,FISH,142,FishPer100M
14270,Ketch Brook,41.8797,-72.5744,106003632,2010,FISH,18,FishPer100M
14270,Ketch Brook,41.8797,-72.5744,106003632,2010,TEMP,16.79060507,DegreeC
17574,Creamery Brook,41.9256,-72.5082,106003821,2012,FISH,70,FishPer100M
16123,Muddy Brook,41.4756,-72.342,106001530,2007,FISH,22.88135593,FishPer100M
16123,Muddy Brook,41.4756,-72.342,106001530,1989,FISH,22,FishPer100M
17300,Cabin Brook,41.5605,-72.3167,106002321,2012,FISH,32,FishPer100M
17300,Cabin Brook,41.5605,-72.3167,106002321,2010,FISH,37.03703704,FishPer100M
16577,Cold Brook,41.6644,-72.5403,106002855,1989,FISH,124,FishPer100M
16595,CREAM POT BROOK,41.4522,-72.6711,106001270,1989,FISH,96,FishPer100M
16595,CREAM POT BROOK,41.4522,-72.6711,106001270,2012,FISH,35.71428571,FishPer100M
16879,Muddy Gutter Brook,41.5642,-72.5119,106002348,2012,FISH,74,FishPer100M
16879,Muddy Gutter Brook,41.5642,-72.5119,106002348,1989,FISH,16,FishPer100M
16854,MINE BROOK,41.5775,-72.5492,106002371,2007,FISH,18,FishPer100M
16713,GULF STREAM,41.9792,-72.4219,106004037,1989,FISH,26.66666667,FishPer100M
16476,ASMUN BROOK,41.4747,-72.7258,106001515,1989,FISH,16,FishPer100M
15205,Tankerhoosen River,41.8294,-72.4482,106003441,1989,FISH,43.57142857,FishPer100M
14256,Hubbard Brook,41.7082,-72.5803,106001990,2001,FISH,48,FishPer100M
14257,Hubbard Brook,41.7089,-72.5843,106001990,2001,FISH,103,FishPer100M
16111,Beaver Meadow Brook,41.4552,-72.5288,106001310,2016,FISH,25,FishPer100M
16110,Mott Hill Brook,41.6615,-72.5365,106002799,2007,FISH,141,FishPer100M
16110,Mott Hill Brook,41.6615,-72.5365,106002799,2010,FISH,64,FishPer100M
16110,Mott Hill Brook,41.6615,-72.5365,106002799,2015,TEMP,13.27914481,DegreeC
16110,Mott Hill Brook,41.6615,-72.5365,106002799,2013,FISH,29.33333333,FishPer100M
16110,Mott Hill Brook,41.6615,-72.5365,106002799,2011,TEMP,15.54769989,DegreeC
16110,Mott Hill Brook,41.6615,-72.5365,106002799,2016,FISH,121.4285714,FishPer100M
16110,Mott Hill Brook,41.6615,-72.5365,106002799,2018,TEMP,18.27012364,DegreeC
16110,Mott Hill Brook,41.6615,-72.5365,106002799,2016,TEMP,11.89322917,DegreeC
16110,Mott Hill Brook,41.6615,-72.5365,106002799,2017,TEMP,16.14746603,DegreeC
16110,Mott Hill Brook,41.6615,-72.5365,106002799,2018,FISH,140.9448819,FishPer100M
16110,Mott Hill Brook,41.6615,-72.5365,106002799,2011,FISH,40.38461538,FishPer100M
16110,Mott Hill Brook,41.6615,-72.5365,106002799,2013,TEMP,13.90936322,DegreeC
16110,Mott Hill Brook,41.6615,-72.5365,106002799,2010,TEMP,14.43795089,DegreeC
16110,Mott Hill Brook,41.6615,-72.5365,106002799,2014,TEMP,12.17569067,DegreeC
16467,ABBEY BROOK,41.9703,-72.4708,106003998,1989,FISH,28,FishPer100M
15315,Burnham Brook,41.4603,-72.3343,106001367,2016,FISH,17.34693878,FishPer100M
15315,Burnham Brook,41.4603,-72.3343,106001367,2014,TEMP,17.10304031,DegreeC
15315,Burnham Brook,41.4603,-72.3343,106001367,2017,TEMP,17.43957292,DegreeC
15315,Burnham Brook,41.4603,-72.3343,106001367,2018,TEMP,17.95266395,DegreeC
15315,Burnham Brook,41.4603,-72.3343,106001367,2011,TEMP,17.72594553,DegreeC
15315,Burnham Brook,41.4603,-72.3343,106001367,2015,TEMP,17.7534769,DegreeC
15315,Burnham Brook,41.4603,-72.3343,106001367,2007,FISH,32.40740741,FishPer100M
15315,Burnham Brook,41.4603,-72.3343,106001367,2011,FISH,10.11235955,FishPer100M
15315,Burnham Brook,41.4603,-72.3343,106001367,2013,FISH,10,FishPer100M
15315,Burnham Brook,41.4603,-72.3343,106001367,2013,TEMP,17.81783741,DegreeC
16122,Early Brook,41.4978,-72.3435,106001719,2007,FISH,18.8034188,FishPer100M
16122,Early Brook,41.4978,-72.3435,106001719,2012,FISH,46,FishPer100M
16122,Early Brook,41.4978,-72.3435,106001719,2015,FISH,38,FishPer100M
16122,Early Brook,41.4978,-72.3435,106001719,2015,TEMP,17.84038121,DegreeC
16122,Early Brook,41.4978,-72.3435,106001719,2014,TEMP,17.30495924,DegreeC
16119,Day Pond Brook,41.5623,-72.4338,106002231,2017,TEMP,18.14933424,DegreeC
16119,Day Pond Brook,41.5623,-72.4338,106002231,2015,TEMP,17.98660389,DegreeC
16119,Day Pond Brook,41.5623,-72.4338,106002231,2014,TEMP,17.24301993,DegreeC
16677,FRAZER BROOK (Fraser Brook),41.4731,-72.2606,106001502,2014,FISH,12,FishPer100M
16602,DARK HOLLOW BROOK,41.6611,-72.5203,106002833,1989,FISH,51.76470588,FishPer100M
17210,Wyassup Brook,41.4719,-71.8586,110001210,1993,FISH,45.33333333,FishPer100M
14720,Green Fall River,41.4568,-71.8169,110001265,2011,TEMP,17.9713689,DegreeC
14720,Green Fall River,41.4568,-71.8169,110001265,2014,TEMP,16.96323279,DegreeC
14720,Green Fall River,41.4568,-71.8169,110001265,2017,TEMP,18.09948188,DegreeC
14720,Green Fall River,41.4568,-71.8169,110001265,2001,FISH,15.23809524,FishPer100M
14720,Green Fall River,41.4568,-71.8169,110001265,2007,FISH,14,FishPer100M
14720,Green Fall River,41.4568,-71.8169,110001265,2015,FISH,23,FishPer100M
14720,Green Fall River,41.4568,-71.8169,110001265,2010,FISH,60,FishPer100M
14720,Green Fall River,41.4568,-71.8169,110001265,2011,FISH,37.62376238,FishPer100M
14720,Green Fall River,41.4568,-71.8169,110001265,2013,FISH,15.23809524,FishPer100M
14721,Shunock River,41.4101,-71.8452,110001465,2003,FISH,10.66666667,FishPer100M
16692,Glade Brook,41.45762,-71.80848,110001290,1993,FISH,28,FishPer100M
16474,Ashaway River,41.4395,-71.7978,110001392,1993,FISH,12,FishPer100M
17215,Yawbucs Brook,41.465,-71.8939,110001222,1993,FISH,25,FishPer100M
17215,Yawbucs Brook,41.465,-71.8939,110001222,2016,FISH,13,FishPer100M
17781,Hetchel Swamp Brook,41.48101,-71.83706,110001146,2013,FISH,14.85148515,FishPer100M
15796,PENDLETON HILL BROOK,41.4748,-71.8342,110001178,2014,TEMP,17.93128397,DegreeC
15796,PENDLETON HILL BROOK,41.4748,-71.8342,110001178,1993,FISH,31.16883117,FishPer100M
15796,PENDLETON HILL BROOK,41.4748,-71.8342,110001178,2018,FISH,11,FishPer100M
16079,Pendleton Hill Brook,41.4781,-71.8354,110001178,2007,FISH,13.33333333,FishPer100M
16079,Pendleton Hill Brook,41.4781,-71.8354,110001178,2013,FISH,40.19607843,FishPer100M
14443,Saugatuck River,41.2245,-73.3469,102001983,2011,TEMP,16.99649502,DegreeC
14443,Saugatuck River,41.2245,-73.3469,102001983,2009,TEMP,17.88866395,DegreeC
14443,Saugatuck River,41.2245,-73.3469,102001983,2012,TEMP,17.75932654,DegreeC
16519,BLACKMANS POND BROOK,41.3208,-73.4269,102002842,1990,FISH,16,FishPer100M
17391,Mill River,41.2412,-73.254,102002177,2012,FISH,16.19047619,FishPer100M
17391,Mill River,41.2412,-73.254,102002177,2011,FISH,12.38095238,FishPer100M
16478,ASPETUCK RIVER,41.3453,-73.3389,102002940,1990,FISH,13,FishPer100M
16143,Little River,41.2931,-73.3678,102002649,2014,TEMP,18.00375163,DegreeC
16583,COMSTOCK BROOK,41.2125,-73.4622,102001796,1990,FISH,19,FishPer100M
17104,TATETUCK BROOK,41.2831,-73.2819,102002636,1990,FISH,105,FishPer100M
18054,GINGER CREEK,42.03889,-73.21389,103003260,2009,FISH,53.33333333,FishPer100M
19732,Macedonia Brook,41.80906,-73.47433,103006729,2016,FISH,22,FishPer100M
19940,Gunn Brook,41.800009,-73.37902,103006933,2018,FISH,74,FishPer100M
19940,Gunn Brook,41.800009,-73.37902,103006933,2018,TEMP,16.81131476,DegreeC
18058,"CAMP BROOK, TRIButary to",41.51156,-73.32392,103014071,2009,FISH,220,FishPer100M
19723,Bingham Pond Brook,42.0201,-73.4401,103003378,2016,FISH,11.25,FishPer100M
19020,Moosehorn Brook,41.570871,-73.327091,103012935,2018,TEMP,17.79556114,DegreeC
19020,Moosehorn Brook,41.570871,-73.327091,103012935,2017,TEMP,16.86705707,DegreeC
18270,Wewaka Brook,41.50103,-73.3497,103014283,2010,FISH,21.33333333,FishPer100M
18002,Gunn Brook,41.797,-73.373,103006971,2010,FISH,58.33333333,FishPer100M
18006,Millard Brook,41.791,-73.391,103007268,2010,FISH,48,FishPer100M
18889,Bee Brook,41.66014,-73.31994,103010888,2015,FISH,14.66666667,FishPer100M
19953,"Ball Brook, Unnamed tributary to",42.013355,-73.43158,103003449,2016,FISH,24.61538462,FishPer100M
19914,"Cat Swamp Pond, No Name Tributary to",41.5492,-73.1688,103013563,2017,FISH,44,FishPer100M
18057,CAMP BROOK,41.51217,-73.32418,103014023,2009,FISH,125.7142857,FishPer100M
19121,Bullet Hill Brook,41.48494,-73.19425,103014759,2016,FISH,27.27272727,FishPer100M
18923,"Shepaug River, Unnamed Tributary to",41.64428,-73.31861,103011184,2015,FISH,16,FishPer100M
18918,Housatonic trib,41.6323,-73.469,103011513,2015,FISH,15,FishPer100M
19019,Wachocastinook Creek,41.993089,-73.438412,103003654,2016,TEMP,17.09602944,DegreeC
19019,Wachocastinook Creek,41.993089,-73.438412,103003654,2017,TEMP,17.09397917,DegreeC
19019,Wachocastinook Creek,41.993089,-73.438412,103003654,2018,TEMP,18.15149909,DegreeC
18883,East Branch Naugatuck River,41.85783,-73.12913,103005550,2015,FISH,12,FishPer100M
19030,Roaring Brook trib,41.99672,-73.2284,103003661,2016,FISH,46,FishPer100M
19725,"Wachocastinook Brook, Unnamed tributary to",41.982,-73.4324,103003734,2016,FISH,22.22222222,FishPer100M
19775,Pettee Brook,41.9813,-73.4577,103003760,2017,FISH,43.73757455,FishPer100M
18922,"Shepaug River, Unnamed Tributary to",41.62301,-73.32809,103011779,2015,FISH,92,FishPer100M
18920,"Shepaug River, Unnamed Tributary to",41.61291,-73.33029,103011995,2015,FISH,56,FishPer100M
18010,Squash Hollow Brook,41.625,-73.466,103011741,2010,FISH,108,FishPer100M
18011,Squash Hollow Brook,41.625,-73.467,103011741,2010,FISH,144,FishPer100M
18888,Sprain Brook tributary,41.61216,-73.27035,103012018,2015,FISH,12.85714286,FishPer100M
18874,Weekeepeemee River,41.567201,-73.218045,103013044,2015,FISH,282,FishPer100M
18829,"Deep Brook, Tributary to",41.406944,-73.29388,103016421,2014,TEMP,16.2713913,DegreeC
18001,Gunn Brook,41.789,-73.361,103007315,2010,FISH,24,FishPer100M
18064,JACKS BROOK,41.52972,-73.2875,103013400,2006,FISH,27.14285714,FishPer100M
18507,MAD RIVER,41.611686,-72.985688,103012076,2016,FISH,43.75,FishPer100M
19882,Roaring Brook,41.997375,-73.228667,103003590,2016,FISH,24,FishPer100M
18863,Norfolk Brook,41.98729,-73.20155,103003684,2010,FISH,36,FishPer100M
18921,"Shepaug River, Unnamed Tributary to",41.60567,-73.33967,103012160,2015,FISH,13.33333333,FishPer100M
18008,Preston Brook,41.90602,-73.35784,103004270,2010,FISH,32,FishPer100M
18053,NORTH BROOK,42.00398,-73.22635,103003510,2009,FISH,104,FishPer100M
19850,Gulf Stream,41.782535,-73.163709,103007366,2016,FISH,10.66666667,FishPer100M
18059,PIERCE BROOK,41.51892,-73.30799,103014013,2009,FISH,68,FishPer100M
18625,HOPP BROOK,41.40308,-73.03983,103016568,2013,FISH,25,FishPer100M
18625,HOPP BROOK,41.40308,-73.03983,103016568,2016,FISH,117.8217822,FishPer100M
19696,"Whiting River, Unnamed tributary to",42.03433,-73.268021,103003315,2018,TEMP,14.83307382,DegreeC
19696,"Whiting River, Unnamed tributary to",42.03433,-73.268021,103003315,2017,TEMP,13.52116984,DegreeC
19936,Moosehorn Brook,41.676582,-73.13413,103010405,2016,FISH,10.16949153,FishPer100M
17970,"SANDY BROOK, TRIButary to",42.04039,-73.13055,105002283,2009,FISH,26.19047619,FishPer100M
18833,Valley Brook,42.03444,-72.92909,105000895,2014,FISH,91.79104478,FishPer100M
19222,Bradley Brook,41.767894,-72.955095,105000126,2017,FISH,158.0952381,FishPer100M
19143,Brown Brook,42.029332,-72.166582,109001880,2016,FISH,18,FishPer100M
18638,Tobey Pond Brook,41.98483,-73.22345,103003758,2013,FISH,47.54098361,FishPer100M
18459,WEST BRANCH SHEPAUG RIVER,41.782545,-73.322024,103007352,2014,FISH,16.49484536,FishPer100M
18051,BLACKBERRY RIVER TRIB,42.00945,-73.29556,103003547,2009,FISH,11.32075472,FishPer100M
19791,Punch Brook,41.771873,-72.930035,105001264,2017,FISH,35.71428571,FishPer100M
18735,Leadmine Brook,41.95726,-72.156695,107003248,2014,FISH,21,FishPer100M
18735,Leadmine Brook,41.95726,-72.156695,107003248,2015,FISH,18,FishPer100M
18735,Leadmine Brook,41.95726,-72.156695,107003248,2016,FISH,67,FishPer100M
18012,Wildcat Hollow Brook,41.986,-73.371,103003680,2010,FISH,136,FishPer100M
18063,TURRILL BROOK,41.51057,-73.31547,103014228,2009,FISH,152.9411765,FishPer100M
19733,Pond Mountain Brook,41.76748,-73.47336,103007854,2017,FISH,18,FishPer100M
19787,Norwichtown Brook,41.554892,-72.104625,108000497,2017,FISH,13.33333333,FishPer100M
19788,Hammar Brook,41.555213,-72.104564,108000455,2017,FISH,34,FishPer100M
17888,HINKLEY BROOK,41.61301,-72.22835,108000154,2006,FISH,64,FishPer100M
19083,"Sherman Brook, Trib. of",41.570202,-72.283331,108000427,2016,FISH,101.6393443,FishPer100M
18768,Main Brook,41.510763,-71.947821,108000738,2014,FISH,747.4747475,FishPer100M
19069,mcAlpine Brook,41.478925,-72.17362,108001037,2016,FISH,16.25,FishPer100M
19933,Thompson Brook,41.40193,-72.04427,108001726,2018,FISH,11,FishPer100M
18497,"Cranberry Meadow Brook, Unnamed Tributary to (""Pigeon Hill Brook"")",41.408518,-72.229912,108001655,2013,TEMP,17.05482563,DegreeC
18468,Joe Clark Brook,41.484687,-72.0413,108001010,2013,FISH,19,FishPer100M
18468,Joe Clark Brook,41.484687,-72.0413,108001010,2014,FISH,35.29411765,FishPer100M
19932,Whigville Brook,41.74013,-72.96078,105001182,2018,FISH,31,FishPer100M
18159,West Branch Farmington River,41.94516,-73.01674,105001868,2013,TEMP,16.3819375,DegreeC
18159,West Branch Farmington River,41.94516,-73.01674,105001868,2012,FISH,55.2,FishPer100M
19847,"Falls Brook, Tributary to",42.022816,-72.963042,105002238,2016,FISH,24,FishPer100M
17959,"COLEBROOK RESERVOIR, TRIButary to",42.01743,-73.06062,105002207,2009,FISH,92,FishPer100M
17964,"DOOLITTLE LAKE BROOK, Unnamed tributary to (""Balder Brook"" or ""NNT Brumagin Brook"")",42.02584,-73.13691,105000873,2009,FISH,88,FishPer100M
17965,"DOOLITTLE LAKE BROOK, Unnamed triutary to (""NNT Brumagin Brook"")",42.0213,-73.13371,105000873,2009,FISH,62.5,FishPer100M
18806,BRADLEY BROOK,41.98569,-72.8077,105002082,2014,FISH,107.4074074,FishPer100M
19138,Poland River,41.704014,-73.009085,105001122,2015,FISH,15.625,FishPer100M
18212,Hawley Brook,41.776896,-72.907011,105001275,2013,FISH,17,FishPer100M
19751,"Sandy Brook, Unnamed tributary to",41.9826,-73.04464,105002054,2018,FISH,49,FishPer100M
19655,Bradley Brook,41.991852,-72.810504,105002144,2017,FISH,22.85714286,FishPer100M
19655,Bradley Brook,41.991852,-72.810504,105002144,2017,TEMP,17.30444384,DegreeC
19991,"Pequabuck River, NNT to",41.696701,-73.026864,105001097,2017,FISH,84,FishPer100M
19683,Falls Brook (East branch headwaters),42.02677,-72.9561,105000883,2016,FISH,52,FishPer100M
19691,Fox Brook,42.03399,-72.88435,105000889,2016,FISH,130.1886792,FishPer100M
19881,West Brook,41.903098,-72.73082,105001676,2016,FISH,75,FishPer100M
19851,"East Branch Salmon Brook, Unnamed Tributary to",42.018919,-72.842012,105002189,2016,FISH,180,FishPer100M
17962,"Still River, Tributary to",41.85639,-73.08889,105001404,2008,FISH,90,FishPer100M
18464,"East Branch Salmon Brook, Unnamed Tributary to",42.011738,-72.84923,105002191,2013,FISH,28,FishPer100M
18464,"East Branch Salmon Brook, Unnamed Tributary to",42.011738,-72.84923,105002191,2015,TEMP,15.95190532,DegreeC
18464,"East Branch Salmon Brook, Unnamed Tributary to",42.011738,-72.84923,105002191,2013,TEMP,16.54382156,DegreeC
18464,"East Branch Salmon Brook, Unnamed Tributary to",42.011738,-72.84923,105002191,2014,TEMP,15.71603442,DegreeC
19688,Cherry Brook,41.91021,-72.89969,105000506,2016,FISH,34,FishPer100M
19941,Torringford Brook,41.841241,-73.04849,105000248,2018,TEMP,17.83730571,DegreeC
19685,Thorne Brook,41.99466,-73.01489,105002120,2016,FISH,41.57303371,FishPer100M
17958,"COLEBROOK RESERVOIR, TRIButary to",42.02659,-73.03384,105002236,2009,FISH,124,FishPer100M
19793,Russell Brook,41.8417,-72.8132,105001427,2017,FISH,42.66666667,FishPer100M
17881,HUNTERS BROOK,41.5603,-72.0598,107000127,2009,FISH,26.66666667,FishPer100M
18753,Moritz Brook,41.854872,-72.199497,107002183,2014,FISH,27.24520686,FishPer100M
19100,Conant Brook,41.806873,-72.202255,107001659,2016,FISH,22,FishPer100M
19807,Paulk Hill Brook,41.869345,-72.373284,107002360,2017,FISH,21,FishPer100M
19113,"Merrick Brook, Unnamed tributary to",41.739072,-72.084552,107001054,2016,FISH,10,FishPer100M
19959,Beaver Brook,41.616941,-72.100077,107000265,2017,FISH,11.82795699,FishPer100M
20054,Blackmans Brook,41.743327,-72.377792,107001071,2018,FISH,49.13793103,FishPer100M
18738,Merrick Brook,41.67827,-72.110998,107000545,2016,FISH,23,FishPer100M
19785,Ruby Brook,41.922053,-72.259408,107002939,2017,FISH,12,FishPer100M
18736,Leadmine Brook,41.957082,-72.155644,107003254,2013,FISH,31,FishPer100M
18736,Leadmine Brook,41.957082,-72.155644,107003254,2015,FISH,21,FishPer100M
18736,Leadmine Brook,41.957082,-72.155644,107003254,2014,FISH,23,FishPer100M
18736,Leadmine Brook,41.957082,-72.155644,107003254,2016,FISH,44,FishPer100M
20061,Mount Hope River,41.9006,-72.17456,107002737,2018,FISH,23.92857143,FishPer100M
19705,"Baker Brook, Unnamed tributary to",41.76424,-72.43703,107001069,2018,TEMP,17.99785009,DegreeC
17871,"SANDY BROOK, TRIButary to",41.81095,-71.99006,109002934,2007,FISH,90,FishPer100M
18755,Wood Brook,41.748167,-71.848963,109003157,2014,FISH,45,FishPer100M
17862,WOODS BROOK,41.7483,-71.8518,109003157,2010,FISH,16,FishPer100M
18743,Lathrop Brook,41.670547,-71.898152,109003684,2014,FISH,34.28571429,FishPer100M
17880,"MILLER BROOK, Tributary to",41.53484,-71.92444,109004263,2008,FISH,92,FishPer100M
18504,Quanduck Brook,41.72297,-71.82363,109003298,2014,TEMP,18.28993659,DegreeC
18744,Tatnic Brook,41.740153,-71.956377,109003212,2014,FISH,15.625,FishPer100M
17876,AYERS BROOK,41.56029,-71.9693,109004100,2008,FISH,53.44827586,FishPer100M
17872,STONY BROOK,41.78272,-71.97655,109003032,2008,FISH,10,FishPer100M
17861,WILCOX BROOK,41.7734,-71.8428,109003061,2010,FISH,106,FishPer100M
18653,Billings Brook,41.543,-71.891,109004194,2014,FISH,16.36363636,FishPer100M
17858,QUANDUCK BROOK,41.8168,-71.79495,109002904,2010,FISH,10,FishPer100M
19025,Menunketesuck River,41.382789,-72.552639,104000796,2016,TEMP,18.13012772,DegreeC
19025,Menunketesuck River,41.382789,-72.552639,104000796,2017,TEMP,18.09933243,DegreeC
18628,Eaton Brook,41.4256,-72.9113,104000872,2013,FISH,10.90909091,FishPer100M
18633,Cathole Brook,41.5529,-72.80191,104000150,2013,FISH,36,FishPer100M
18695,Spring Brook,41.467313,-72.759001,104000346,2013,FISH,22,FishPer100M
20087,"Sargent River, Unnamed tributary to",41.382398,-72.990328,104000785,2018,FISH,33.03571429,FishPer100M
17994,BROOKSVALE STREAM,41.45611,-72.94167,104000408,2007,FISH,97.33333333,FishPer100M
17995,BROOKSVALE STREAM,41.45611,-72.94167,104000408,2007,FISH,126.6666667,FishPer100M
19269,Waterworks Brook,41.906662,-72.63614,106003735,2017,FISH,13.79310345,FishPer100M
18792,Lyman Brook,41.62929,-72.44559,106001941,2013,FISH,85,FishPer100M
17948,lievre Brook,41.97903,-72.41911,106004035,2006,FISH,22.36842105,FishPer100M
17948,lievre Brook,41.97903,-72.41911,106004035,2008,FISH,18.60465116,FishPer100M
17949,lievre Brook - Dup of 17948?,41.97906,-72.41975,106004035,2006,FISH,22.36842105,FishPer100M
17949,lievre Brook - Dup of 17948?,41.97906,-72.41975,106004035,2008,FISH,18.60465116,FishPer100M
17947,LIEVRE BROOK,41.9816,-72.41199,106004036,2010,FISH,72,FishPer100M
19931,Charters Brook,41.903266,-72.40556,106003718,2018,FISH,86.36363636,FishPer100M
17951,ABBEY BROOK,41.9552,-72.46058,106003917,2006,FISH,32,FishPer100M
17926,"ROCKADUNDEE BROOK, tributary to",42.03037,-72.39016,106004386,2006,FISH,56,FishPer100M
18769,West Brook,41.883649,-72.402877,106003648,2014,FISH,30.34134008,FishPer100M
18782,Beaver Meadow Brook,41.451854,-72.537424,106001279,2013,FISH,45,FishPer100M
19573,BEAVER MEADOW BROOK,41.45046,-72.5388,106001279,2015,FISH,49,FishPer100M
19700,Beaver Meadow Brook,41.45229,-72.53605,106001279,2017,TEMP,16.99520516,DegreeC
19700,Beaver Meadow Brook,41.45229,-72.53605,106001279,2018,TEMP,17.66803846,DegreeC
19700,Beaver Meadow Brook,41.45229,-72.53605,106001279,2017,FISH,18,FishPer100M
19812,Foote Sawmill Brook,41.675775,-72.46045,106002909,2017,FISH,13.33333333,FishPer100M
19841,Roaring Brook Trib,41.730251,-72.468073,106003068,2017,FISH,10,FishPer100M
17932,Schanade Brook,42.01353,-72.4452,106004210,2010,FISH,46,FishPer100M
18587,"Beaver Meadow Brook, Unnamed Tributary to",41.450134,-72.53929,106001273,2013,FISH,68,FishPer100M
18590,"Lyman Brook, Unnamed tributary to",41.629802,-72.44667,106002718,2013,FISH,25,FishPer100M
18590,"Lyman Brook, Unnamed tributary to",41.629802,-72.44667,106002718,2014,FISH,17,FishPer100M
18566,Birch Mountain Brook,41.761899,-72.511667,106003167,2017,FISH,13,FishPer100M
19638,Birch Mountain Brook,41.76308,-72.49872,106003167,2017,FISH,18.51851852,FishPer100M
19021,Farm Brook,41.82225,-72.543615,106003364,2016,TEMP,17.67932926,DegreeC
19021,Farm Brook,41.82225,-72.543615,106003364,2017,TEMP,16.5158587,DegreeC
19021,Farm Brook,41.82225,-72.543615,106003364,2018,TEMP,17.25148143,DegreeC
17917,Buck Brook,41.62632,-72.55744,106002686,2007,FISH,35,FishPer100M
17917,Buck Brook,41.62632,-72.55744,106002686,2016,FISH,15.15151515,FishPer100M
19109,Buck Brook,41.625455,-72.556666,106002686,2016,FISH,27.27272727,FishPer100M
19112,"Dickinson Creek, Unnamed tributary to",41.652264,-72.500324,106002809,2016,FISH,42,FishPer100M
17910,"PORTER BROOK, tributary to",41.7497,-72.5766,106003110,2010,FISH,96,FishPer100M
17988,Dykas Brook,41.49318,-72.45726,106001677,2007,FISH,22.33009709,FishPer100M
18892,Terry Brook,41.986622,-72.516959,106004059,2015,FISH,14.28571429,FishPer100M
19763,Stocking Brook,41.598884,-72.567148,106002508,2017,FISH,73,FishPer100M
18791,"Hubbard Brook, Unnamed tributary to",41.524216,-72.5665,106002078,2017,FISH,19.60784314,FishPer100M
18791,"Hubbard Brook, Unnamed tributary to",41.524216,-72.5665,106002078,2013,FISH,43,FishPer100M
19804,Hubbard Brook Trib,41.525262,-72.565145,106002078,2017,FISH,26,FishPer100M
17891,dividend brook,41.64556,-72.65501,106002732,2011,FISH,22,FishPer100M
17984,HOPE VALLEY BROOK,41.6336,-72.3781,106001966,2012,FISH,54,FishPer100M
19111,"Dickinson Creek, Unnamed tributary to",41.65018,-72.495131,106002804,2016,FISH,40,FishPer100M
17912,"SALMON BROOK, tributary to",41.7208,-72.5968,106003026,2010,FISH,66,FishPer100M
19809,Gages Brook Trib.,41.855693,-72.419359,106003574,2017,FISH,61,FishPer100M
17902,MINE BrooK,41.57796,-72.54991,106002371,2007,FISH,36,FishPer100M
17945,GULF STREAM,41.97917,-72.4201,106004037,2008,FISH,27.77777778,FishPer100M
17935,Spring Glen Brook,41.89927,-72.57056,106003707,2010,FISH,24,FishPer100M
17935,Spring Glen Brook,41.89927,-72.57056,106003707,2010,TEMP,13.70512227,DegreeC
17893,Hubbard Brook,41.529,-72.565,106000158,2017,FISH,52.72727273,FishPer100M
17955,BROAD BROOK,41.91539,-72.48455,106003780,2010,FISH,12,FishPer100M
19718,Martin Brook,41.925444,-72.388803,106003825,2017,FISH,70,FishPer100M
17922,"PONSET BROOK, Tributary to",41.44676,-72.57847,106001222,2010,FISH,101.6666667,FishPer100M
19110,Flat Brook,41.681854,-72.470026,106002937,2016,FISH,144,FishPer100M
17002,RESERVOIR BROOK,41.6193,-72.5525,106002684,2012,FISH,57.31707317,FishPer100M
17936,TERRY BROOK,41.98326,-72.5211,106004056,2010,FISH,56,FishPer100M
17913,DARK HOLLOW BrooK,41.66187,-72.52627,106002833,2007,FISH,56.43564356,FishPer100M
17914,DARK HOLLOW BrooK,41.65746,-72.51613,106002833,2007,FISH,19,FishPer100M
17942,Gillette Brook,41.552606,-72.36072,106002267,2007,FISH,46,FishPer100M
17937,Thrasher Brook,42.0195,-72.44913,106004233,2010,FISH,133.8709677,FishPer100M
17937,Thrasher Brook,42.0195,-72.44913,106004233,2010,TEMP,17.98601591,DegreeC
18578,Green Fall River,41.519719,-71.80945,110001057,2014,FISH,18.66666667,FishPer100M
20099,Moffitts Brook,41.29429,-73.409173,102002710,2018,FISH,11.53846154,FishPer100M
